user_id,session_count_7d,feature_breadth,avg_session_duration_min,days_since_last_use,engagement_score,churned,plan,segment
usr_ecbcfac5,20,8,22.48,0,98.56,0,enterprise,power_user
usr_7f98a660,12,7,52.28,1,98.3,0,pro,power_user
usr_03f04ed6,17,7,37.22,0,99.23,0,enterprise,power_user
usr_a3648845,12,6,34.46,1,91.44,0,enterprise,power_user
usr_88b980f2,16,8,37.77,0,98.64,0,pro,power_user
usr_60a29b37,14,7,27.31,0,83.88,0,enterprise,power_user
usr_619f39e7,19,8,33.9,1,89.06,0,enterprise,power_user
usr_03a925e6,14,6,36.98,1,98.28,0,pro,power_user
usr_5a7c0bb1,12,8,39.08,1,86.08,0,enterprise,power_user
usr_cff2eecf,11,10,33.88,0,89.11,0,enterprise,power_user
usr_e3f5e97d,19,6,30.69,0,81.8,0,pro,power_user
usr_4c84408e,12,10,27.93,1,98.28,0,enterprise,power_user
usr_9a76f92c,12,9,28.69,0,89.2,0,pro,power_user
usr_22ab8db7,13,10,44.49,0,83.36,0,pro,power_user
usr_e4bddd68,12,10,20.0,0,99.58,0,pro,power_user
usr_6c31682c,20,9,51.85,1,92.21,0,enterprise,power_user
usr_90b34634,13,10,43.77,0,91.77,0,pro,power_user
usr_d19c0916,17,6,23.81,0,81.97,0,enterprise,power_user
usr_f202cfc2,17,6,54.76,0,92.5,0,pro,power_user
usr_f5ae1511,10,6,31.39,1,85.45,0,enterprise,power_user
usr_0cba211d,15,8,43.66,1,86.64,0,enterprise,power_user
usr_c3e42c5e,14,8,59.94,0,90.83,0,pro,power_user
usr_11910fda,10,6,42.41,1,89.27,0,pro,power_user
usr_7ba9b998,11,8,58.79,0,86.07,0,pro,power_user
usr_28eda223,16,6,47.23,1,88.96,0,pro,power_user
usr_261f1901,17,10,27.76,0,86.56,0,enterprise,power_user
usr_1393de9c,13,9,53.08,1,96.13,0,pro,power_user
usr_835fb5a5,15,6,54.19,0,95.66,0,enterprise,power_user
usr_4fd9edc9,17,6,48.31,0,86.69,0,enterprise,power_user
usr_9e8df70c,19,6,48.02,0,94.84,0,pro,power_user
usr_44893daf,15,10,30.3,0,96.08,0,enterprise,power_user
usr_9d111627,18,7,52.03,0,81.72,0,enterprise,power_user
usr_146e878a,14,8,34.82,0,81.02,0,enterprise,power_user
usr_4cdeb46c,15,6,56.52,1,97.91,0,pro,power_user
usr_8df9e73a,12,7,30.35,1,83.46,0,enterprise,power_user
usr_68f25216,14,8,41.67,1,92.2,0,enterprise,power_user
usr_2b874bde,15,6,28.74,1,82.44,0,pro,power_user
usr_6285d2ce,18,8,42.25,0,96.51,0,enterprise,power_user
usr_6874fa08,14,7,49.31,1,89.56,0,pro,power_user
usr_5611c8dc,16,7,36.32,0,89.19,0,enterprise,power_user
usr_a1abf47a,14,6,21.99,1,90.6,0,enterprise,power_user
usr_6f825c96,18,7,41.77,0,85.63,0,enterprise,power_user
usr_67f05a3d,10,6,57.02,0,98.11,0,enterprise,power_user
usr_dcfc0ce3,13,10,49.81,1,94.05,0,enterprise,power_user
usr_45a1ae69,20,8,51.56,0,95.96,0,pro,power_user
usr_33061976,18,10,49.8,0,99.76,0,enterprise,power_user
usr_2b0c3296,13,9,45.19,0,88.57,0,pro,power_user
usr_b680f3e3,17,8,26.98,0,84.83,0,enterprise,power_user
usr_0534b739,13,6,44.72,1,97.03,0,pro,power_user
usr_75292d19,13,9,23.27,0,80.01,0,pro,power_user
usr_b5e765d4,20,6,36.37,1,92.09,0,enterprise,power_user
usr_5001f0c7,18,6,33.45,1,85.14,0,pro,power_user
usr_019c1947,14,9,53.88,1,91.04,0,enterprise,power_user
usr_899cb78d,14,6,43.88,0,93.69,0,pro,power_user
usr_9d8a5893,18,8,34.62,0,97.22,0,pro,power_user
usr_1d3c454a,16,8,49.22,0,84.16,0,pro,power_user
usr_0f610f00,17,8,40.82,0,84.16,0,pro,power_user
usr_6b39a253,15,6,24.68,1,93.38,0,pro,power_user
usr_a81fde04,18,6,48.32,1,91.41,0,pro,power_user
usr_425931a1,18,9,56.3,1,82.35,0,pro,power_user
usr_4ee752b9,15,10,54.12,0,97.5,0,enterprise,power_user
usr_5646484e,17,8,45.87,1,83.36,0,enterprise,power_user
usr_11b4ea61,20,8,40.18,0,98.14,0,enterprise,power_user
usr_49a4677b,13,9,44.32,0,86.48,0,pro,power_user
usr_edf5e5d1,20,10,47.86,1,90.73,0,enterprise,power_user
usr_2a2c89c4,16,6,35.9,0,84.1,0,pro,power_user
usr_85c50c23,17,7,33.1,0,93.18,0,enterprise,power_user
usr_5d7094d2,16,6,43.73,0,93.5,0,pro,power_user
usr_0fc6b286,11,6,49.39,0,99.05,0,pro,power_user
usr_c4bdb803,17,6,50.08,0,95.3,0,enterprise,power_user
usr_df9c2438,18,8,59.76,0,88.94,0,pro,power_user
usr_da46702b,11,10,31.42,1,90.84,0,enterprise,power_user
usr_ef4eb83c,11,7,25.12,1,87.77,0,enterprise,power_user
usr_7a6360a8,10,9,31.18,0,81.93,0,enterprise,power_user
usr_655f849b,10,7,43.76,1,89.19,0,enterprise,power_user
usr_e973a1e2,11,6,50.09,1,99.29,0,enterprise,power_user
usr_5482e8ad,16,7,25.33,1,97.51,0,pro,power_user
usr_8ac2e507,10,8,25.37,0,95.96,0,enterprise,power_user
usr_ca62c960,20,6,28.34,1,93.16,0,enterprise,power_user
usr_316a66a8,12,6,45.53,1,93.49,0,enterprise,power_user
usr_a8fc71aa,11,8,41.14,1,95.52,0,enterprise,power_user
usr_812afbe4,18,8,25.81,0,98.28,0,enterprise,power_user
usr_767ca7b2,17,8,59.67,0,84.92,0,enterprise,power_user
usr_c68fc7c0,15,7,51.96,0,84.12,0,enterprise,power_user
usr_fad3f597,15,9,30.24,0,85.09,0,pro,power_user
usr_46ef2edd,13,6,28.92,0,91.0,0,enterprise,power_user
usr_98062857,18,6,38.88,1,90.52,0,enterprise,power_user
usr_c4db045f,16,10,54.53,0,94.27,0,enterprise,power_user
usr_63b162ed,19,8,32.53,1,97.03,0,enterprise,power_user
usr_22ece67e,12,7,56.06,1,84.78,0,pro,power_user
usr_e0831d54,20,10,53.19,0,85.58,0,enterprise,power_user
usr_a28f218d,10,6,20.82,1,99.92,0,enterprise,power_user
usr_64e01dbe,13,7,23.57,1,99.73,0,enterprise,power_user
usr_89218176,11,8,44.03,0,81.19,0,pro,power_user
usr_ed6a7879,19,8,37.59,0,86.4,0,enterprise,power_user
usr_480db4dc,16,8,50.34,1,82.76,0,enterprise,power_user
usr_9f66b2b9,12,8,29.26,1,81.23,0,pro,power_user
usr_7c10fa1f,14,7,29.81,0,94.31,0,enterprise,power_user
usr_6679507e,18,8,28.66,1,97.73,0,pro,power_user
usr_bec20f96,18,10,48.2,0,80.9,0,pro,power_user
usr_3f19cdd7,16,8,41.03,1,93.86,0,enterprise,power_user
usr_01c86f3e,14,7,33.31,1,81.37,0,enterprise,power_user
usr_01aa5668,11,7,35.72,1,84.62,0,enterprise,power_user
usr_39855226,10,6,37.79,0,94.86,0,enterprise,power_user
usr_7a849ae6,16,6,58.96,0,95.33,0,pro,power_user
usr_9f4a067f,17,6,36.12,1,87.57,0,enterprise,power_user
usr_d181b5c9,14,7,32.08,1,84.07,0,pro,power_user
usr_8aadde40,15,8,40.5,0,85.46,0,enterprise,power_user
usr_3d92ef8d,11,8,22.61,0,90.03,0,enterprise,power_user
usr_ec2893de,15,7,27.16,0,87.82,0,enterprise,power_user
usr_1c3ae851,14,10,24.74,1,82.41,0,enterprise,power_user
usr_8cdd8e91,13,8,59.36,1,88.94,0,enterprise,power_user
usr_d393ca77,14,6,54.93,1,92.71,0,enterprise,power_user
usr_97fedc68,17,8,24.82,1,89.04,0,enterprise,power_user
usr_98874f67,20,8,39.54,1,91.26,0,enterprise,power_user
usr_bf8e35bb,17,7,27.61,0,86.3,0,pro,power_user
usr_edc0f584,10,9,42.55,1,91.55,0,enterprise,power_user
usr_47b865e6,11,8,52.38,0,83.98,0,pro,power_user
usr_dcc0506f,10,9,27.3,1,80.53,0,enterprise,power_user
usr_63dae2af,15,8,23.32,1,89.46,0,enterprise,power_user
usr_0a50211f,10,10,50.61,1,81.89,0,pro,power_user
usr_a68b7cbf,14,8,29.01,0,97.67,0,enterprise,power_user
usr_1bc265f1,13,8,43.94,0,97.8,0,enterprise,power_user
usr_24289021,15,10,51.59,0,80.84,0,enterprise,power_user
usr_c10ad6e2,16,10,33.86,0,84.13,0,pro,power_user
usr_8103c699,13,8,33.51,1,92.21,0,enterprise,power_user
usr_fc597aa4,16,10,31.7,0,84.73,0,pro,power_user
usr_f0b42339,10,9,55.55,1,83.48,0,pro,power_user
usr_269a074a,14,10,46.08,0,81.11,0,enterprise,power_user
usr_b49f28f4,18,9,53.89,1,97.25,0,enterprise,power_user
usr_5031a6bb,14,6,38.68,0,99.75,0,enterprise,power_user
usr_5260bab2,20,6,51.7,0,91.38,0,pro,power_user
usr_8d78d35e,17,7,21.84,1,88.7,0,pro,power_user
usr_4a267c72,15,8,54.41,1,84.6,0,enterprise,power_user
usr_419b335f,18,10,33.82,0,89.49,0,enterprise,power_user
usr_cf02039a,19,9,31.83,1,91.65,0,pro,power_user
usr_baac7aef,19,8,35.83,1,93.18,0,enterprise,power_user
usr_ca706809,11,10,59.97,0,99.11,0,enterprise,power_user
usr_8a488e8c,15,7,59.27,1,90.89,0,enterprise,power_user
usr_ee636087,14,8,20.64,1,95.74,0,enterprise,power_user
usr_ac8b09ab,12,10,36.65,0,99.77,0,enterprise,power_user
usr_a9b19b37,11,8,49.21,1,95.94,0,enterprise,power_user
usr_647f88bd,19,8,29.67,0,95.98,0,enterprise,power_user
usr_38d8cfa7,20,9,45.76,0,81.62,0,enterprise,power_user
usr_a8076174,12,6,55.25,1,99.41,0,pro,power_user
usr_ac2c9ab7,17,7,22.43,1,98.04,0,pro,power_user
usr_204985c7,20,9,22.82,1,81.18,0,pro,power_user
usr_72a64e6d,11,10,27.39,0,96.45,0,pro,power_user
usr_d7a3aafc,15,10,59.73,0,90.58,0,pro,power_user
usr_6edcb1a6,12,10,58.61,1,96.6,0,enterprise,power_user
usr_e7f4f9bd,15,6,33.35,0,93.26,0,pro,power_user
usr_b1cf73b6,17,10,50.65,1,84.98,0,pro,power_user
usr_087b6f79,16,10,49.15,1,96.8,0,enterprise,power_user
usr_cb3d1b89,15,6,31.54,0,84.96,0,enterprise,power_user
usr_9235002f,13,8,34.47,1,89.96,0,enterprise,power_user
usr_66b54c33,19,10,30.25,1,89.73,0,pro,power_user
usr_bd325e5a,15,8,41.01,1,85.85,0,pro,power_user
usr_c1798084,13,10,34.6,0,87.09,0,pro,power_user
usr_f45ab508,19,8,28.6,0,88.74,0,pro,power_user
usr_d84c98b3,19,7,57.21,0,97.51,0,enterprise,power_user
usr_42114d4e,17,6,54.17,0,87.97,0,enterprise,power_user
usr_1e707df2,12,8,31.84,1,86.46,0,enterprise,power_user
usr_5da0f14d,19,8,52.45,0,97.75,0,enterprise,power_user
usr_4a248ce9,12,10,24.44,1,98.11,0,enterprise,power_user
usr_3bccf437,10,6,21.97,1,93.36,0,enterprise,power_user
usr_bf961c09,12,9,53.3,1,86.76,0,enterprise,power_user
usr_3371b9b6,10,8,49.77,0,95.1,0,enterprise,power_user
usr_b70ad742,20,7,40.49,1,97.08,0,pro,power_user
usr_ee42d8fa,11,7,23.43,0,93.92,0,pro,power_user
usr_c96156c5,10,10,26.15,1,89.55,0,enterprise,power_user
usr_5a795ee8,18,9,56.17,0,81.78,0,enterprise,power_user
usr_4ebe00f7,12,8,34.0,0,96.53,0,pro,power_user
usr_4d56f13c,17,8,34.89,0,87.51,0,enterprise,power_user
usr_a8c43497,17,9,28.27,1,95.02,0,enterprise,power_user
usr_0c4a099f,14,6,22.8,0,82.12,0,enterprise,power_user
usr_ac703e5c,15,9,34.3,0,82.99,0,enterprise,power_user
usr_7b41073a,14,10,52.02,1,83.78,0,enterprise,power_user
usr_6e221e71,13,10,26.84,0,85.42,0,enterprise,power_user
usr_a0057bb6,11,10,25.09,1,93.65,0,pro,power_user
usr_01043ce8,15,10,44.51,1,99.81,0,pro,power_user
usr_1fe3a2b7,16,10,44.37,1,91.42,0,enterprise,power_user
usr_78041570,11,8,20.31,0,86.45,0,pro,power_user
usr_dbc20d6b,14,9,43.25,1,95.18,0,pro,power_user
usr_01cf68de,18,7,20.33,1,89.86,0,enterprise,power_user
usr_c7e18ea7,11,6,37.49,0,88.33,0,enterprise,power_user
usr_44cde462,17,7,32.99,1,90.16,0,enterprise,power_user
usr_c1c9e8cc,20,6,41.6,1,89.25,0,enterprise,power_user
usr_16bf1d60,12,9,59.82,1,82.87,0,enterprise,power_user
usr_e70d239d,15,6,42.88,0,92.67,0,pro,power_user
usr_871de8af,18,8,37.33,0,92.29,0,enterprise,power_user
usr_3d67cd66,12,6,47.14,0,93.32,0,pro,power_user
usr_7ae1de5f,15,10,34.56,0,86.07,0,enterprise,power_user
usr_cff3c2fd,20,6,51.1,1,86.49,0,enterprise,power_user
usr_382b3daf,17,7,56.75,1,80.95,0,enterprise,power_user
usr_df61d4fb,14,8,34.0,0,90.46,0,enterprise,power_user
usr_40da6780,11,10,46.58,1,84.06,0,pro,power_user
usr_e7574b90,12,8,57.98,0,90.89,0,enterprise,power_user
usr_9e83a569,10,6,55.94,0,86.14,0,pro,power_user
usr_eb9d2615,12,9,48.49,0,91.3,0,pro,power_user
usr_6c475090,19,8,41.79,1,94.8,0,pro,power_user
usr_a475d20b,11,6,25.71,1,80.02,0,enterprise,power_user
usr_3eb2c986,19,6,56.95,1,98.25,0,enterprise,power_user
usr_c10a5af0,16,9,20.96,1,88.22,0,enterprise,power_user
usr_fa69f5cc,20,9,45.97,0,91.67,0,enterprise,power_user
usr_c3fa4b39,11,7,42.59,1,98.95,0,enterprise,power_user
usr_80174d79,14,9,25.89,1,99.3,0,pro,power_user
usr_2fa1ef0e,12,7,28.43,1,96.38,0,enterprise,power_user
usr_06724e38,15,10,24.94,1,92.05,0,enterprise,power_user
usr_49dd6693,13,6,52.12,1,88.03,0,pro,power_user
usr_001d652f,20,7,25.51,0,84.93,0,enterprise,power_user
usr_dd0ff370,11,9,31.63,0,90.65,0,enterprise,power_user
usr_b5c3dfe9,14,7,59.1,1,89.28,0,enterprise,power_user
usr_fdac1532,18,10,26.33,1,90.97,0,enterprise,power_user
usr_ba6cb3ef,13,9,54.36,0,81.37,0,pro,power_user
usr_7e880ffe,12,6,46.63,0,85.82,0,enterprise,power_user
usr_09b582c9,15,6,52.72,0,94.88,0,pro,power_user
usr_e043a450,13,10,36.84,1,90.53,0,enterprise,power_user
usr_f58872d3,15,7,26.65,1,86.84,0,pro,power_user
usr_4dd6f48b,18,10,43.79,1,84.38,0,pro,power_user
usr_f566bd4c,10,9,30.7,1,93.51,0,enterprise,power_user
usr_419ef37e,13,6,29.28,0,80.72,0,enterprise,power_user
usr_d1b466c6,18,10,43.04,0,89.23,0,enterprise,power_user
usr_c8f12119,13,9,42.99,1,82.54,0,enterprise,power_user
usr_053c8d5f,19,8,27.01,1,87.81,0,enterprise,power_user
usr_c949ea89,19,6,30.26,0,80.25,0,enterprise,power_user
usr_ce29d0ab,19,6,23.98,1,88.04,0,enterprise,power_user
usr_5d25804c,15,6,42.06,1,94.57,0,enterprise,power_user
usr_87cffe39,20,6,34.06,1,99.06,0,pro,power_user
usr_76ddab5a,20,8,49.54,0,80.62,0,pro,power_user
usr_bd3a4265,18,6,35.61,1,90.39,0,enterprise,power_user
usr_32e28b5c,20,10,38.95,1,99.19,0,enterprise,power_user
usr_d531aa4c,15,9,45.19,1,91.41,0,enterprise,power_user
usr_289d49ae,14,8,42.6,0,81.67,0,pro,power_user
usr_afe41631,14,6,49.36,1,87.82,0,enterprise,power_user
usr_b8bef895,13,10,29.33,0,97.37,0,pro,power_user
usr_75b4945a,18,7,59.08,0,80.35,0,enterprise,power_user
usr_eddf3b9c,16,8,54.03,1,92.78,0,pro,power_user
usr_bcb17734,20,7,35.93,0,93.66,0,enterprise,power_user
usr_e9344458,12,10,37.53,0,96.68,0,pro,power_user
usr_fcf39509,20,8,20.62,1,93.14,0,pro,power_user
usr_43cd122b,13,9,36.92,0,89.34,0,pro,power_user
usr_e2ea527b,16,6,34.35,1,86.63,0,enterprise,power_user
usr_3a75e760,16,8,33.48,0,96.11,0,pro,power_user
usr_45bad87c,15,7,39.42,0,84.94,0,enterprise,power_user
usr_7417d3fc,10,7,35.69,0,84.28,0,enterprise,power_user
usr_9c82c93e,11,7,55.91,1,98.48,0,enterprise,power_user
usr_e1319cb2,18,6,38.57,1,90.77,0,enterprise,power_user
usr_2bbdbc58,16,7,41.62,1,94.97,0,enterprise,power_user
usr_4cc19e1b,20,7,46.99,1,87.4,0,enterprise,power_user
usr_3f188cbf,14,7,55.38,0,89.71,0,enterprise,power_user
usr_578fecfc,19,8,33.74,0,85.27,0,enterprise,power_user
usr_696725f8,13,7,30.93,1,99.01,0,enterprise,power_user
usr_43c6526f,18,6,33.09,1,84.39,0,pro,power_user
usr_cb185d38,13,6,58.12,0,84.74,0,pro,power_user
usr_ef9554f0,17,6,49.31,0,84.05,0,pro,power_user
usr_52521a68,20,10,50.08,1,89.88,0,pro,power_user
usr_1c8d6880,14,10,53.24,0,91.18,0,pro,power_user
usr_5b2f1a00,13,7,50.35,0,84.65,0,enterprise,power_user
usr_ba68ca87,12,6,20.39,0,92.82,0,enterprise,power_user
usr_a2e84a29,20,10,50.66,0,90.73,0,enterprise,power_user
usr_db95648b,11,7,58.81,1,90.37,0,enterprise,power_user
usr_c502943f,13,9,37.07,0,80.48,0,enterprise,power_user
usr_568d6d44,19,10,27.37,0,90.89,0,pro,power_user
usr_e2fb87e9,17,9,44.17,0,83.24,0,pro,power_user
usr_5e155318,14,9,40.31,1,96.66,0,pro,power_user
usr_4f973b23,12,7,49.49,1,83.61,0,enterprise,power_user
usr_bde1f96f,13,10,58.57,0,96.91,0,pro,power_user
usr_2f09a496,12,10,39.35,1,80.41,0,pro,power_user
usr_22db8694,14,9,21.84,1,91.16,0,pro,power_user
usr_7d0ee58e,11,6,30.42,1,85.44,0,pro,power_user
usr_62dc9b9f,16,7,37.5,0,91.28,0,pro,power_user
usr_c1cd3831,11,9,55.29,0,80.19,0,pro,power_user
usr_74019628,17,9,45.46,0,87.48,0,enterprise,power_user
usr_d6c0cf30,10,8,55.23,0,97.08,0,pro,power_user
usr_96f1104c,19,6,30.43,1,80.32,0,enterprise,power_user
usr_0ceefa2f,14,6,28.71,0,87.52,0,enterprise,power_user
usr_9ba49726,13,9,40.12,0,87.79,0,pro,power_user
usr_ce7cac2a,17,6,55.08,0,80.08,0,pro,power_user
usr_6a8bf278,17,9,24.84,0,91.11,0,enterprise,power_user
usr_c0c83cb1,15,7,34.65,1,87.88,0,enterprise,power_user
usr_a13a189a,14,7,51.81,0,90.41,0,enterprise,power_user
usr_a717b055,18,7,49.06,0,94.9,0,enterprise,power_user
usr_4c775817,18,8,21.95,0,96.08,0,enterprise,power_user
usr_827386c3,13,10,48.07,1,81.1,0,pro,power_user
usr_e2912d07,11,8,29.49,1,90.52,0,pro,power_user
usr_4b81bf79,17,6,50.77,1,89.25,0,pro,power_user
usr_706f6f8e,16,6,40.23,1,87.04,0,enterprise,power_user
usr_febbd9f9,15,9,35.96,1,92.77,0,enterprise,power_user
usr_d8529fe7,19,10,30.47,0,88.7,0,enterprise,power_user
usr_fecb7057,13,9,39.21,0,86.75,0,pro,power_user
usr_971cff56,20,8,21.77,0,82.7,0,pro,power_user
usr_f661e562,19,8,58.6,1,97.31,0,enterprise,power_user
usr_35aa69a0,11,7,51.22,1,95.1,0,pro,power_user
usr_3059b289,15,7,42.75,0,95.5,0,enterprise,power_user
usr_4e562227,15,10,20.31,1,94.55,0,pro,power_user
usr_b88f5d07,15,7,32.16,1,91.78,0,enterprise,power_user
usr_8f09d623,18,7,36.01,0,92.3,0,enterprise,power_user
usr_b1f3379d,16,9,22.3,1,90.33,0,enterprise,power_user
usr_88f2b8b4,20,6,49.19,1,90.68,0,enterprise,power_user
usr_efac8fc6,15,6,45.24,1,93.57,0,pro,power_user
usr_9f01e4c7,17,8,46.28,0,98.07,0,pro,power_user
usr_f86a2f20,18,7,21.36,1,81.9,0,pro,power_user
usr_e8877fe9,13,9,56.22,0,94.45,0,enterprise,power_user
usr_6939273b,12,6,48.75,1,84.3,0,pro,power_user
usr_bd9bbe3d,13,8,56.04,0,97.48,0,pro,power_user
usr_1d0dda93,11,8,36.75,1,80.5,0,pro,power_user
usr_8292c431,14,7,44.06,1,93.47,0,enterprise,power_user
usr_47ccf54f,19,8,21.41,1,98.75,0,enterprise,power_user
usr_54ce9fbd,18,9,25.42,0,94.4,0,enterprise,power_user
usr_dfc49e56,19,8,42.03,0,87.68,0,pro,power_user
usr_08679f63,12,10,43.1,0,83.07,0,enterprise,power_user
usr_38261638,19,10,29.41,0,86.79,0,enterprise,power_user
usr_840a3143,11,8,29.37,0,95.86,0,pro,power_user
usr_13da1873,14,7,59.4,1,90.64,0,enterprise,power_user
usr_0dab9783,14,6,44.0,1,90.85,0,enterprise,power_user
usr_050b79ac,11,10,20.66,1,85.34,0,enterprise,power_user
usr_172937ac,16,9,46.2,0,87.43,0,pro,power_user
usr_26216460,12,10,27.1,0,89.68,0,enterprise,power_user
usr_456ece46,15,6,59.87,1,92.7,0,pro,power_user
usr_f9b00887,14,8,30.5,0,88.64,0,pro,power_user
usr_ee2cd196,19,9,30.28,0,96.77,0,enterprise,power_user
usr_2ad8f785,20,6,29.17,0,94.01,0,enterprise,power_user
usr_d9f35641,17,7,55.84,0,86.73,0,enterprise,power_user
usr_01f08a05,12,7,40.38,1,99.63,0,enterprise,power_user
usr_7457dc73,13,6,41.58,0,99.15,0,enterprise,power_user
usr_208348bc,20,8,56.13,1,81.82,0,enterprise,power_user
usr_b8636751,18,7,45.66,0,86.9,0,pro,power_user
usr_34b3720f,15,6,40.73,0,85.8,0,pro,power_user
usr_fcf6861c,17,10,52.08,1,86.45,0,pro,power_user
usr_cebd77be,17,10,30.36,1,84.96,0,enterprise,power_user
usr_a01c6951,18,7,40.4,0,83.16,0,enterprise,power_user
usr_2a51a7f7,17,7,51.5,0,92.27,0,pro,power_user
usr_306077b2,11,7,52.01,0,99.49,0,enterprise,power_user
usr_443c7a04,11,8,33.56,1,81.84,0,pro,power_user
usr_9b76268c,10,6,35.15,1,83.41,0,enterprise,power_user
usr_b5b6e0ad,17,8,48.11,1,99.62,0,enterprise,power_user
usr_a754cdc7,15,10,20.03,1,83.94,0,enterprise,power_user
usr_51207f94,18,7,54.62,1,81.49,0,pro,power_user
usr_4e61d02a,18,6,33.47,0,86.8,0,enterprise,power_user
usr_0d7aad1b,20,7,34.16,1,99.74,0,pro,power_user
usr_a0dcaf0f,12,7,23.44,0,89.2,0,enterprise,power_user
usr_4eac1b07,13,7,54.59,0,93.98,0,enterprise,power_user
usr_4edbef86,17,7,34.42,1,83.47,0,enterprise,power_user
usr_ad2a05d4,10,6,54.19,0,90.62,0,enterprise,power_user
usr_6c8a28f8,15,8,40.48,0,98.66,0,pro,power_user
usr_572fe5af,10,7,31.36,1,81.82,0,enterprise,power_user
usr_08825de7,14,7,49.48,0,91.48,0,pro,power_user
usr_fa8b704c,11,8,20.3,0,95.87,0,pro,power_user
usr_e007bd2c,17,10,36.94,1,88.06,0,enterprise,power_user
usr_f5ac77da,20,8,21.65,0,80.17,0,pro,power_user
usr_5edc454a,17,10,21.21,1,99.54,0,enterprise,power_user
usr_a1dabca1,17,8,52.84,1,98.97,0,pro,power_user
usr_e97cc726,15,8,51.81,0,89.38,0,enterprise,power_user
usr_a49b062a,16,6,50.29,0,82.63,0,enterprise,power_user
usr_17d718ac,18,10,31.81,1,97.34,0,pro,power_user
usr_b30d51eb,12,8,59.44,0,89.06,0,enterprise,power_user
usr_372b5fb2,18,9,33.7,1,88.18,0,pro,power_user
usr_c1edf11a,19,6,27.77,0,91.75,0,enterprise,power_user
usr_fa4989f2,14,7,36.76,0,80.02,0,pro,power_user
usr_a9d623e0,12,6,38.58,1,86.84,0,pro,power_user
usr_70f299d0,18,8,27.19,1,93.88,0,pro,power_user
usr_5de9ce80,14,10,28.47,0,94.31,0,enterprise,power_user
usr_867f4f21,16,7,46.19,0,94.82,0,pro,power_user
usr_ccd4fed4,11,10,24.51,0,82.29,0,enterprise,power_user
usr_d74f78a9,13,8,37.2,0,91.53,0,enterprise,power_user
usr_aa5a4690,20,6,31.44,1,81.54,0,enterprise,power_user
usr_88f2e770,18,10,33.6,0,82.04,0,pro,power_user
usr_d6ec7ef8,20,7,44.16,1,94.72,0,enterprise,power_user
usr_3a16caa0,18,10,26.67,1,97.44,0,enterprise,power_user
usr_c894aa47,11,10,26.09,0,83.47,0,enterprise,power_user
usr_db923a80,20,10,51.34,0,87.77,0,enterprise,power_user
usr_0813f222,19,10,32.48,1,98.83,0,enterprise,power_user
usr_d65b4c9f,11,7,20.23,1,83.2,0,pro,power_user
usr_a446f4bb,19,9,20.53,1,86.81,0,enterprise,power_user
usr_ca5ead5c,15,8,46.48,1,95.64,0,enterprise,power_user
usr_5c8d128f,17,8,24.33,1,85.59,0,enterprise,power_user
usr_f416146c,19,8,36.15,0,85.37,0,enterprise,power_user
usr_ec8e695d,17,6,54.74,1,99.73,0,pro,power_user
usr_e2e8e358,16,8,32.89,1,98.08,0,enterprise,power_user
usr_8aee4907,12,10,29.46,0,98.51,0,enterprise,power_user
usr_00dcdb40,17,7,52.69,0,93.79,0,pro,power_user
usr_947627fe,10,6,25.07,0,99.48,0,pro,power_user
usr_1adc32a6,17,10,52.12,0,86.29,0,pro,power_user
usr_c6c4c3ec,11,6,38.87,1,98.66,0,pro,power_user
usr_24040ec8,19,10,38.72,0,93.65,0,pro,power_user
usr_b1aab464,15,10,26.64,1,88.52,0,enterprise,power_user
usr_9667cf00,13,8,22.65,0,96.76,0,enterprise,power_user
usr_1d37946e,16,9,30.31,1,94.33,0,enterprise,power_user
usr_b4d671c6,14,9,38.4,0,84.89,0,enterprise,power_user
usr_15ee4e28,10,10,27.7,0,81.54,0,pro,power_user
usr_46e75822,20,10,45.25,1,90.41,0,enterprise,power_user
usr_8644f815,16,9,58.03,1,86.54,0,enterprise,power_user
usr_c2c283e7,10,8,21.0,1,95.38,0,enterprise,power_user
usr_0c2f1d23,14,7,41.41,1,95.43,0,pro,power_user
usr_4a854790,15,8,41.5,1,93.08,0,enterprise,power_user
usr_9df7b4a1,19,7,51.11,0,84.26,0,pro,power_user
usr_739b84a5,11,6,21.21,1,85.04,0,pro,power_user
usr_a1db76e8,11,7,51.12,0,91.51,0,enterprise,power_user
usr_5b2ceb48,10,7,40.84,0,93.59,0,pro,power_user
usr_6f06b45b,18,10,32.18,0,94.28,0,enterprise,power_user
usr_7bf0e7f7,19,8,38.32,0,89.55,0,enterprise,power_user
usr_99883b13,14,8,24.48,0,97.31,0,pro,power_user
usr_3fae35fa,18,7,23.33,0,98.58,0,enterprise,power_user
usr_98358623,15,10,56.86,0,94.16,0,pro,power_user
usr_3dcc2bdc,20,10,57.18,0,80.05,0,enterprise,power_user
usr_38e4b6b1,12,7,23.82,1,99.25,0,enterprise,power_user
usr_4d926972,12,8,23.21,0,87.54,0,enterprise,power_user
usr_8b05fa07,10,10,26.93,1,96.04,0,enterprise,power_user
usr_7c148921,15,10,53.77,1,94.82,0,pro,power_user
usr_85e5d9d2,12,9,37.8,0,92.56,0,enterprise,power_user
usr_6137d3dc,14,10,49.12,0,87.68,0,enterprise,power_user
usr_701a33af,11,7,47.46,1,90.67,0,enterprise,power_user
usr_1abbd43d,16,7,22.98,1,85.5,0,enterprise,power_user
usr_3489c2c0,17,8,38.55,0,88.68,0,pro,power_user
usr_fb90e06a,13,8,24.63,0,84.45,0,pro,power_user
usr_35d82bd2,18,9,30.42,1,98.6,0,enterprise,power_user
usr_c25a9f0f,18,6,27.9,0,85.69,0,enterprise,power_user
usr_a13f92d6,17,9,20.58,1,98.12,0,enterprise,power_user
usr_6ecb6c80,18,9,47.88,0,82.34,0,enterprise,power_user
usr_444e2858,20,10,49.38,1,82.42,0,enterprise,power_user
usr_cd043943,19,10,38.8,1,97.6,0,enterprise,power_user
usr_bf11ce65,18,9,53.22,1,93.38,0,pro,power_user
usr_f12085ba,18,9,49.62,0,92.56,0,enterprise,power_user
usr_88dc049f,12,8,58.87,1,94.27,0,pro,power_user
usr_114a417c,13,6,43.46,1,84.09,0,enterprise,power_user
usr_ad6aaf73,19,8,52.99,0,91.12,0,enterprise,power_user
usr_c99de90f,10,9,51.65,0,91.79,0,enterprise,power_user
usr_c0477852,16,6,39.09,0,84.34,0,pro,power_user
usr_60d776f5,18,10,39.07,1,98.05,0,enterprise,power_user
usr_8d4c2c75,18,10,21.9,1,81.75,0,pro,power_user
usr_7c903c10,20,6,39.14,0,81.51,0,pro,power_user
usr_c1eec017,12,10,56.03,0,99.57,0,enterprise,power_user
usr_3e50b40a,10,7,59.52,0,89.34,0,pro,power_user
usr_ead071e1,17,10,47.15,1,87.84,0,pro,power_user
usr_0e1d95a3,10,6,51.74,1,85.12,0,enterprise,power_user
usr_9cae1ec6,13,6,26.77,0,82.68,0,pro,power_user
usr_eeedb329,20,8,52.51,0,88.81,0,enterprise,power_user
usr_8ba0e4e8,10,8,56.61,1,93.5,0,enterprise,power_user
usr_3bd41779,17,7,42.71,0,91.61,0,enterprise,power_user
usr_c9dd21bb,14,7,49.14,0,81.33,0,enterprise,power_user
usr_472c2440,19,10,44.72,0,92.61,0,pro,power_user
usr_8807cc0a,19,7,42.12,0,96.93,0,enterprise,power_user
usr_1d0c7d39,12,7,33.58,1,97.94,0,pro,power_user
usr_27cf85c3,12,7,20.42,1,80.91,0,enterprise,power_user
usr_5ab5d776,19,7,30.77,0,86.44,0,pro,power_user
usr_385f7603,10,7,32.62,1,90.27,0,enterprise,power_user
usr_7abbbcc7,20,9,24.66,0,95.43,0,enterprise,power_user
usr_34926fc6,14,9,38.35,0,96.54,0,pro,power_user
usr_922e6af6,20,10,20.1,0,92.58,0,enterprise,power_user
usr_954b458c,15,8,22.23,0,91.01,0,enterprise,power_user
usr_38a81642,16,8,49.37,1,87.9,0,pro,power_user
usr_5302e479,20,6,57.57,1,89.9,0,enterprise,power_user
usr_da488b33,14,7,56.31,0,95.45,0,enterprise,power_user
usr_73ee0104,11,9,54.68,0,92.16,0,pro,power_user
usr_7647dfe1,10,9,53.54,1,81.55,0,pro,power_user
usr_aac9824b,19,8,39.24,0,83.57,0,pro,power_user
usr_a23fcea0,16,10,44.55,1,99.12,0,enterprise,power_user
usr_48bc00d7,11,9,39.58,0,91.8,0,pro,power_user
usr_20747ab9,20,8,47.67,0,90.55,0,pro,power_user
usr_f73022a3,13,7,47.11,1,95.01,0,enterprise,power_user
usr_d48cee38,13,6,38.75,0,87.22,0,pro,power_user
usr_c47c8514,12,8,46.75,1,94.07,0,enterprise,power_user
usr_8c7c4fcb,12,6,53.58,1,99.76,0,enterprise,power_user
usr_b9ce7682,14,7,39.85,1,83.9,0,pro,power_user
usr_bf5ddb69,10,9,21.04,0,96.39,0,pro,power_user
usr_10e0d570,11,9,20.86,1,97.33,0,pro,power_user
usr_e065b52e,16,6,54.35,0,83.39,0,enterprise,power_user
usr_f9aeb60d,13,9,41.01,1,90.92,0,enterprise,power_user
usr_83cbe42c,10,7,35.9,1,95.14,0,enterprise,power_user
usr_a832c57f,16,10,20.98,0,85.87,0,enterprise,power_user
usr_35b06f11,10,8,20.06,0,90.84,0,enterprise,power_user
usr_01ec9946,13,6,45.95,1,82.93,0,enterprise,power_user
usr_d8ac4413,11,7,52.97,1,82.65,0,enterprise,power_user
usr_58dc1e95,16,9,21.37,0,94.08,0,enterprise,power_user
usr_eb972f42,20,6,41.01,0,82.23,0,enterprise,power_user
usr_070315b9,11,7,50.78,1,91.58,0,enterprise,power_user
usr_44d5d224,14,10,29.88,1,94.57,0,pro,power_user
usr_c401223d,12,8,30.12,1,89.5,0,pro,power_user
usr_1b1bc9fe,14,7,33.42,1,98.37,0,enterprise,power_user
usr_e13b1bdb,14,6,20.05,0,93.55,0,enterprise,power_user
usr_c7194ba3,20,7,39.81,1,88.71,0,enterprise,power_user
usr_efc33d4a,16,7,29.19,0,85.82,0,enterprise,power_user
usr_62635337,13,9,46.71,1,96.88,0,enterprise,power_user
usr_fc44ff6e,15,7,23.92,1,89.68,0,enterprise,power_user
usr_abda1e32,11,7,22.21,0,82.86,0,pro,power_user
usr_25dbd927,16,7,24.98,0,81.58,0,enterprise,power_user
usr_7a92cd23,16,10,26.99,1,88.8,0,enterprise,power_user
usr_ca9be305,10,7,59.56,1,81.81,0,enterprise,power_user
usr_2f37b49e,15,7,38.15,1,90.54,0,enterprise,power_user
usr_ba20d724,16,6,57.1,1,91.46,0,enterprise,power_user
usr_be3f6176,19,9,22.86,1,84.7,0,enterprise,power_user
usr_a9562845,11,10,32.54,1,98.71,0,enterprise,power_user
usr_ccd9e2d1,14,8,26.52,0,87.01,0,pro,power_user
usr_a59246f2,19,10,34.64,0,86.75,0,pro,power_user
usr_e98236da,14,7,59.94,1,83.37,0,pro,power_user
usr_29012910,13,10,45.43,0,91.28,0,enterprise,power_user
usr_41b3da7c,20,7,58.44,0,86.08,0,pro,power_user
usr_e0770914,20,10,36.43,1,92.43,0,pro,power_user
usr_e3561d17,20,7,33.3,1,88.42,0,pro,power_user
usr_72b3f0a4,10,8,40.57,1,83.8,0,enterprise,power_user
usr_d5bc2da3,7,4,14.64,2,62.98,0,free,casual
usr_b9e9e8ea,5,4,20.33,3,55.04,0,free,casual
usr_ec79cda3,5,3,17.7,3,64.4,0,free,casual
usr_bae04534,4,5,16.71,3,54.74,0,free,casual
usr_8fbdd443,6,3,12.86,2,57.13,0,pro,casual
usr_cb785e80,5,4,14.44,4,60.77,0,free,casual
usr_78cb82fc,5,5,19.58,4,57.35,0,pro,casual
usr_f8894cd6,5,3,15.73,2,52.6,0,free,casual
usr_3f8347f8,5,3,10.49,5,60.09,0,free,casual
usr_6502cc72,5,3,20.29,2,46.34,0,free,casual
usr_f9cf537e,7,5,22.58,5,41.82,0,pro,casual
usr_2107685b,4,5,16.65,5,57.84,0,pro,casual
usr_8407e2af,6,5,17.21,2,42.16,0,free,casual
usr_18c06d72,5,3,17.38,3,61.16,0,free,casual
usr_f9e7b0d8,6,5,17.16,4,53.01,0,free,casual
usr_cfae6b61,6,3,18.32,5,63.92,0,free,casual
usr_d5f6ccaf,6,5,12.96,4,60.59,0,pro,casual
usr_2a46680e,6,4,22.43,5,64.88,0,pro,casual
usr_a25b6dac,5,4,12.83,5,54.79,0,free,casual
usr_f19a38b5,4,4,22.26,5,60.69,0,free,casual
usr_4c9a66f8,7,4,16.55,5,61.78,0,free,casual
usr_3be34963,6,4,18.76,3,40.56,0,free,casual
usr_56c35bed,3,4,10.7,3,54.22,0,free,casual
usr_51941e9a,3,4,20.6,5,63.93,0,pro,casual
usr_8ea4b9c0,3,3,22.87,2,53.49,0,pro,casual
usr_5fb7c66a,3,3,18.86,2,47.91,0,pro,casual
usr_421c99e6,3,5,12.14,2,58.36,0,free,casual
usr_59663dff,7,3,22.86,5,46.19,0,free,casual
usr_967053da,7,4,10.0,2,48.69,0,free,casual
usr_8c4dbdb7,3,4,22.65,5,62.54,0,pro,casual
usr_5df811f1,6,4,19.64,4,53.14,0,free,casual
usr_29ec96d3,7,5,15.01,5,47.71,0,pro,casual
usr_400d5152,3,4,17.03,5,46.08,0,pro,casual
usr_afffa52e,4,5,10.54,3,63.43,0,free,casual
usr_9f8865e4,5,4,21.84,3,58.48,0,pro,casual
usr_65ba0bca,7,5,23.19,2,43.64,0,free,casual
usr_83b049ad,6,3,23.53,3,46.76,0,free,casual
usr_aa1b9988,3,5,22.1,3,53.52,0,free,casual
usr_8d152853,7,5,19.13,4,52.38,1,free,casual
usr_0fbdccda,6,4,11.79,2,56.94,0,free,casual
usr_aeeefca3,3,3,21.33,4,40.24,0,free,casual
usr_c1fe3fd2,5,5,11.24,4,57.06,0,free,casual
usr_c341f3cd,4,5,12.17,5,42.63,0,free,casual
usr_79a74d17,5,4,16.35,2,46.7,0,pro,casual
usr_d94a1cda,6,5,11.34,3,62.86,0,pro,casual
usr_3e7bbf3e,3,5,23.26,3,41.23,0,free,casual
usr_db91c97a,4,3,10.82,2,53.67,0,free,casual
usr_21be0fe2,3,3,20.32,5,41.84,0,pro,casual
usr_e9107de3,6,4,21.09,3,64.36,0,free,casual
usr_9929e3e6,7,3,21.03,4,56.61,0,pro,casual
usr_b0569808,6,4,18.91,3,45.51,0,free,casual
usr_268696df,3,3,16.74,3,51.63,0,free,casual
usr_97252f09,5,5,18.7,5,64.31,0,free,casual
usr_59bd695a,6,5,12.27,3,53.76,0,free,casual
usr_c6e2e602,3,5,21.37,5,46.76,0,free,casual
usr_f6001054,4,5,22.33,2,42.32,0,free,casual
usr_2371eb52,5,5,24.12,4,45.88,0,free,casual
usr_b0625653,7,4,13.16,5,47.6,0,free,casual
usr_b13c528c,6,3,20.86,5,61.86,0,free,casual
usr_e9ac8613,7,3,17.01,4,62.93,0,free,casual
usr_8dbdc399,5,3,22.13,5,40.25,0,free,casual
usr_83a67965,7,3,10.64,2,58.89,0,free,casual
usr_a05642e0,4,4,12.23,2,52.49,0,pro,casual
usr_42f23cd2,7,5,13.5,3,50.65,0,pro,casual
usr_6c9cbba8,7,4,11.22,3,54.04,0,free,casual
usr_43eb7bbf,3,5,18.35,2,40.97,0,free,casual
usr_977c6fb3,6,3,21.77,2,57.9,0,free,casual
usr_8b4943e6,3,5,19.67,2,60.09,0,free,casual
usr_44a06c2c,7,4,11.03,4,60.72,0,pro,casual
usr_c2034a10,4,4,13.65,2,52.2,0,pro,casual
usr_110034e4,3,5,14.64,4,41.89,0,free,casual
usr_7f757183,5,4,18.8,4,56.53,0,pro,casual
usr_af3bfc9d,3,3,22.09,5,46.35,0,pro,casual
usr_4e27d233,7,3,12.72,2,41.24,0,free,casual
usr_637b4a92,4,3,17.81,4,51.18,1,free,casual
usr_2818f276,4,4,13.98,5,46.07,0,pro,casual
usr_1024dd60,6,5,10.74,5,61.43,0,free,casual
usr_be464d33,5,4,14.43,2,47.94,0,pro,casual
usr_783b1726,5,4,11.32,2,48.25,0,free,casual
usr_1be0360e,5,5,14.04,4,53.47,0,free,casual
usr_09811923,3,4,21.12,4,64.76,0,free,casual
usr_fda54b87,5,4,13.44,5,47.66,0,free,casual
usr_537be435,7,5,22.67,3,62.08,0,free,casual
usr_d78f7672,7,5,12.47,5,60.3,0,pro,casual
usr_3d21ff48,5,4,16.33,2,59.54,0,free,casual
usr_b5d1d4b5,5,4,11.02,2,52.71,0,pro,casual
usr_2228a61a,6,5,20.66,3,55.89,0,free,casual
usr_b0cf8c4d,7,3,12.83,2,61.98,0,free,casual
usr_60d9ca6f,4,5,13.47,4,56.61,0,free,casual
usr_4b1227e1,5,4,10.72,4,63.55,0,pro,casual
usr_b88a96e0,5,4,22.68,4,52.78,0,free,casual
usr_e251695b,7,4,21.68,4,53.66,0,pro,casual
usr_4200f8b8,6,4,11.12,3,42.25,0,free,casual
usr_f4da20c6,4,3,20.14,2,47.0,1,free,casual
usr_91a488e5,7,4,19.53,3,52.06,0,free,casual
usr_1ef0f406,4,4,22.69,5,51.7,0,free,casual
usr_de68f997,6,3,22.57,4,64.35,0,free,casual
usr_61ef1027,7,4,20.57,4,55.91,0,pro,casual
usr_2f5e4716,3,3,20.76,5,60.91,0,free,casual
usr_b193b842,6,3,10.73,4,58.48,0,free,casual
usr_99a486bd,4,4,17.58,5,42.48,0,free,casual
usr_a5806ea4,7,4,24.6,5,50.84,0,free,casual
usr_7edaa853,5,3,24.47,5,54.82,0,free,casual
usr_c4d64231,5,3,17.29,2,50.34,0,free,casual
usr_1f8f52ce,5,4,20.17,5,43.74,0,free,casual
usr_a7da2804,5,3,10.3,3,43.64,0,free,casual
usr_e2c9f48e,5,4,19.92,3,64.37,0,free,casual
usr_caf244ab,3,4,19.14,3,53.06,0,free,casual
usr_87eb236c,6,4,20.74,4,49.82,0,free,casual
usr_eba298ea,6,5,12.83,3,56.44,0,free,casual
usr_b28f9d91,4,3,22.96,3,49.81,0,free,casual
usr_68f5747a,5,3,24.39,3,49.31,0,pro,casual
usr_1c41aa8e,5,3,11.8,2,52.39,0,free,casual
usr_7cd311e1,3,5,17.37,4,50.63,0,pro,casual
usr_e93d5401,6,4,22.91,4,63.96,0,pro,casual
usr_1c154004,6,5,24.7,2,44.61,0,free,casual
usr_cadcb468,5,5,20.69,2,48.89,0,free,casual
usr_0e3fc1d1,7,4,25.0,4,60.21,0,free,casual
usr_4b65d777,5,5,24.25,4,60.63,0,free,casual
usr_22d44c77,3,4,17.46,2,59.54,0,pro,casual
usr_3e05d61b,6,3,23.91,5,49.25,0,free,casual
usr_ffa4f150,5,5,11.62,4,48.57,0,free,casual
usr_47f68e56,4,3,24.79,3,55.51,0,free,casual
usr_eb0a5c7d,6,3,19.87,5,64.09,0,pro,casual
usr_8d6d3db6,4,3,12.35,2,44.88,0,free,casual
usr_243905cd,4,3,14.44,4,44.24,0,free,casual
usr_2b4e5c22,3,4,14.7,5,56.56,0,free,casual
usr_0e3095fd,3,4,12.0,3,60.26,0,free,casual
usr_6001ef5a,7,5,12.44,3,56.51,0,free,casual
usr_ec217bf6,4,5,21.04,5,49.67,0,free,casual
usr_2a6145d0,4,3,11.39,2,62.36,0,free,casual
usr_edfe6d67,5,4,12.84,3,64.24,0,free,casual
usr_a300362d,6,4,17.31,3,48.24,0,pro,casual
usr_8f1c5f17,4,5,21.07,4,40.81,0,free,casual
usr_60d32a67,6,4,11.22,4,40.74,0,pro,casual
usr_7d50a9af,7,3,22.46,3,55.19,0,free,casual
usr_607b4725,6,4,23.26,3,52.15,0,free,casual
usr_9d67b8ec,5,4,23.88,5,44.27,0,free,casual
usr_15a8f945,3,3,17.81,4,41.66,0,free,casual
usr_2400ffa7,6,5,11.69,5,58.46,0,pro,casual
usr_4dec2a84,5,3,11.87,4,51.1,0,free,casual
usr_70f289ac,3,3,14.38,2,51.35,1,free,casual
usr_99ab7b0d,7,4,14.79,2,58.34,0,free,casual
usr_847a788f,4,4,17.34,4,63.88,0,pro,casual
usr_50509aae,7,5,24.91,2,43.03,0,free,casual
usr_242f786c,5,5,20.38,4,57.15,0,free,casual
usr_4498c559,3,3,17.21,3,53.27,0,free,casual
usr_e684e922,3,5,19.78,4,58.3,0,free,casual
usr_9585c328,5,5,22.72,4,44.49,0,free,casual
usr_6f471441,6,4,23.42,4,56.13,0,free,casual
usr_fdc614ff,5,4,15.52,5,42.72,0,free,casual
usr_de069d06,5,5,10.04,4,64.62,0,free,casual
usr_43ee2c84,7,5,22.67,3,53.14,0,free,casual
usr_0b01ca91,7,3,11.31,4,63.12,0,pro,casual
usr_f6670426,6,4,19.27,2,42.92,0,free,casual
usr_b136b0ea,4,3,13.4,5,40.62,0,pro,casual
usr_dfef2101,5,4,18.56,4,50.12,0,free,casual
usr_0945a458,6,3,23.6,5,61.65,0,free,casual
usr_6d88306f,6,4,15.7,4,46.08,0,free,casual
usr_08e7fdb5,7,3,22.7,2,55.23,0,free,casual
usr_857b3785,6,3,20.47,3,41.99,0,free,casual
usr_8cb42dec,6,3,18.37,2,61.76,1,free,casual
usr_94214b8a,7,3,19.25,2,64.99,1,free,casual
usr_eefec49f,4,5,21.19,2,52.0,0,free,casual
usr_9a339113,6,3,21.33,2,49.69,0,free,casual
usr_f815c9cc,5,4,17.41,4,50.32,0,free,casual
usr_42c0c58b,7,3,12.93,2,57.34,0,free,casual
usr_57fe39c0,6,3,20.75,5,52.13,0,pro,casual
usr_23bb17ed,6,4,18.07,5,56.29,0,free,casual
usr_1235940c,4,5,22.17,4,62.35,0,free,casual
usr_f56b3828,5,4,15.38,5,63.74,0,free,casual
usr_a4b43050,6,3,15.16,3,51.18,0,pro,casual
usr_809dd0e6,5,5,22.78,5,53.45,0,free,casual
usr_115427f0,4,4,12.52,2,57.77,0,pro,casual
usr_25f41dd5,5,3,24.15,3,53.04,0,free,casual
usr_292d5a18,6,5,22.61,3,64.4,1,free,casual
usr_fd6e4dc2,5,5,17.66,5,60.72,0,free,casual
usr_776aea28,3,3,19.76,3,60.7,1,free,casual
usr_1d7d5fc5,3,3,21.2,5,50.47,0,free,casual
usr_b95af705,4,3,12.21,2,54.1,0,free,casual
usr_c4bb5381,6,5,24.51,5,53.74,0,pro,casual
usr_1726a100,3,5,23.5,5,46.89,0,free,casual
usr_17973e39,4,5,13.11,5,62.36,0,free,casual
usr_aebeed8f,6,5,14.2,5,42.09,0,free,casual
usr_f0c8e933,5,3,21.65,4,46.6,0,free,casual
usr_1f787a29,5,3,23.86,5,51.26,0,pro,casual
usr_bdaa6e70,4,4,10.76,3,52.38,0,free,casual
usr_cebe7fcb,7,4,23.49,2,44.34,0,free,casual
usr_d678fbfa,5,5,10.62,3,43.74,0,free,casual
usr_915dcf5d,5,4,16.48,3,49.31,0,free,casual
usr_288d3cc0,4,4,10.25,5,56.29,0,free,casual
usr_82fdd023,5,3,22.98,4,55.19,0,pro,casual
usr_432fdbe9,6,4,18.08,2,45.62,0,free,casual
usr_169c8e85,3,5,21.58,5,49.29,0,free,casual
usr_760e2479,4,5,21.05,5,59.69,0,free,casual
usr_5b2c54fb,3,3,16.01,5,45.18,0,free,casual
usr_a9cf3481,5,5,23.89,4,41.04,0,free,casual
usr_28006c40,3,5,13.06,2,43.52,0,free,casual
usr_f43a4cf1,7,4,12.52,2,62.21,0,free,casual
usr_bc08966a,4,3,19.92,5,58.17,0,free,casual
usr_6d2a5d36,5,3,24.14,5,44.38,1,free,casual
usr_d70e2002,3,3,14.54,5,55.64,1,free,casual
usr_0bbc22e4,6,4,18.06,5,54.25,0,pro,casual
usr_ba945439,3,5,19.84,5,41.41,0,free,casual
usr_f6def66e,4,3,19.87,2,60.97,0,pro,casual
usr_afa19f11,7,4,20.63,3,40.8,0,free,casual
usr_6f53d0b1,6,4,17.03,5,64.48,0,pro,casual
usr_b69cae6a,5,4,14.11,4,62.37,0,free,casual
usr_be3681a9,4,4,16.26,4,64.49,0,pro,casual
usr_ad786482,5,5,13.9,5,41.77,0,pro,casual
usr_94d5a2c4,7,3,12.67,3,60.24,0,free,casual
usr_5bc3636f,4,5,24.06,5,52.24,0,free,casual
usr_2981af31,6,3,14.66,4,47.95,0,pro,casual
usr_ae544544,7,5,24.16,4,56.47,0,pro,casual
usr_3ddb92d1,7,4,21.15,5,51.82,0,free,casual
usr_b0b00513,5,4,24.51,3,40.1,0,free,casual
usr_c6b140e9,6,3,17.48,3,57.69,0,free,casual
usr_33218456,3,3,17.77,4,50.9,0,free,casual
usr_3660b4ff,6,3,24.19,4,42.19,0,pro,casual
usr_c58b59fd,6,4,22.85,5,54.68,0,free,casual
usr_63a2fbad,3,4,22.86,5,63.13,0,free,casual
usr_1b7f0028,6,3,23.3,2,55.8,0,free,casual
usr_44399dd7,4,3,15.48,3,61.3,0,free,casual
usr_4eb4298a,3,3,16.99,4,42.26,0,free,casual
usr_62320c1e,6,3,16.61,4,48.69,0,pro,casual
usr_d904d01d,4,4,23.74,2,44.33,0,free,casual
usr_1ee7f7da,7,3,20.61,4,44.53,0,free,casual
usr_7cfd2898,4,5,19.97,4,46.66,0,free,casual
usr_af5a1b54,5,4,24.43,3,51.4,1,pro,casual
usr_3f696674,6,4,18.39,3,43.21,0,free,casual
usr_d75b0cbe,5,3,17.24,3,42.15,0,free,casual
usr_59fc137d,4,4,22.66,2,57.25,1,pro,casual
usr_6ecaa30d,3,5,12.91,3,59.17,0,pro,casual
usr_0e7160b8,7,5,10.73,5,57.48,1,free,casual
usr_06e2aadc,4,3,11.83,2,64.66,1,free,casual
usr_03c20057,3,5,19.72,5,46.14,0,free,casual
usr_f397bb0b,5,4,21.24,3,41.38,0,pro,casual
usr_b6cc88ae,5,5,19.19,4,48.78,0,free,casual
usr_34ae3081,5,4,11.39,2,53.54,0,pro,casual
usr_afd78641,6,4,17.87,5,53.03,0,free,casual
usr_fe30da12,7,3,19.82,3,55.97,0,free,casual
usr_ad131def,7,5,11.84,3,53.99,0,free,casual
usr_eca052be,4,4,17.64,4,63.48,0,free,casual
usr_c690d481,3,4,24.08,2,42.33,1,pro,casual
usr_136bd028,7,3,17.5,5,56.57,0,pro,casual
usr_dba56cbd,7,3,12.46,2,63.6,0,free,casual
usr_762cf4bf,3,3,23.04,5,47.45,0,pro,casual
usr_3825c7d6,7,3,23.85,2,59.89,0,free,casual
usr_ff1e4e54,7,4,10.74,3,41.43,1,free,casual
usr_100966d7,6,4,22.77,3,42.57,0,free,casual
usr_876ce805,5,5,17.01,3,48.61,0,free,casual
usr_ed48d672,6,5,11.22,4,53.93,0,pro,casual
usr_e7c577be,7,3,24.03,4,61.77,0,free,casual
usr_0a428e72,5,3,22.83,5,47.54,0,pro,casual
usr_01d639c8,6,5,14.28,2,63.91,1,pro,casual
usr_836065a3,5,3,12.34,4,46.8,0,pro,casual
usr_bfaad61f,5,4,16.79,5,55.9,0,free,casual
usr_26bfd176,6,3,18.38,5,57.25,0,free,casual
usr_a0a2289c,6,4,17.9,5,40.13,0,pro,casual
usr_207fdfaf,7,4,11.06,5,40.47,0,free,casual
usr_912d9ca8,4,4,13.37,2,64.49,0,pro,casual
usr_e7a71b95,7,5,11.58,5,63.21,0,free,casual
usr_95c86079,6,5,14.97,2,44.78,0,pro,casual
usr_b0f8b037,5,5,14.48,4,42.87,0,free,casual
usr_7e61fb02,4,5,22.9,5,61.95,0,free,casual
usr_c26f1214,6,5,20.11,2,55.21,0,free,casual
usr_b03d0c7f,4,4,11.84,2,49.35,0,pro,casual
usr_88c3b500,4,3,21.12,4,46.43,1,pro,casual
usr_1396d78d,4,5,23.24,3,40.03,0,free,casual
usr_ca950553,6,3,14.26,5,52.93,0,pro,casual
usr_bd5faec5,5,5,15.96,2,55.6,0,free,casual
usr_ad58ffaa,5,3,16.65,3,43.63,0,free,casual
usr_46469e7a,3,4,19.91,5,59.32,0,free,casual
usr_0dd1c980,3,4,10.4,2,52.21,0,pro,casual
usr_c76d1135,5,5,24.19,4,53.93,0,pro,casual
usr_c9103191,7,5,11.17,4,52.6,0,pro,casual
usr_ad4a97a0,7,5,19.87,4,45.21,0,free,casual
usr_934d2ed9,7,3,16.71,4,55.67,0,free,casual
usr_a61da630,3,5,10.31,5,57.27,0,pro,casual
usr_9019e338,6,3,17.11,3,48.23,0,pro,casual
usr_502511ed,3,3,22.16,5,47.19,0,free,casual
usr_6a1103d5,4,3,14.34,5,46.46,0,free,casual
usr_c425ff63,4,3,10.53,5,57.62,0,free,casual
usr_4e04244e,7,3,21.07,5,45.17,0,free,casual
usr_63f6facd,5,5,14.07,3,63.73,0,free,casual
usr_1a717fb3,7,3,10.45,4,46.44,0,free,casual
usr_c9c13f45,3,4,14.32,5,48.33,0,pro,casual
usr_d7fb2c5c,5,4,17.65,3,49.2,0,free,casual
usr_203bfcf5,4,5,11.02,3,42.72,0,pro,casual
usr_1b67c8ed,5,5,17.73,5,45.88,0,free,casual
usr_5c754ada,5,3,20.28,5,44.17,0,free,casual
usr_c2609b28,5,3,22.1,3,48.07,0,free,casual
usr_2a2eb4b4,7,5,24.22,2,47.53,0,free,casual
usr_aa40c58f,3,3,14.04,4,40.14,0,free,casual
usr_f4e86107,3,4,18.04,3,64.42,0,free,casual
usr_615c9e60,3,4,12.19,3,46.89,0,free,casual
usr_5cd8854d,3,5,17.62,2,58.63,0,free,casual
usr_97ed7e2d,3,3,12.68,2,49.65,0,free,casual
usr_8f284c2b,6,3,11.41,5,48.49,0,free,casual
usr_95da84dd,4,3,16.33,2,64.23,0,free,casual
usr_bcf68deb,6,4,18.93,5,47.13,0,pro,casual
usr_cc7687ae,6,5,12.15,3,62.81,0,pro,casual
usr_9ca867e2,7,3,21.02,4,53.64,0,free,casual
usr_267bdf08,7,3,19.98,4,45.19,0,free,casual
usr_f7725417,3,5,10.92,5,61.78,1,free,casual
usr_69181841,5,4,14.26,3,58.65,0,free,casual
usr_9164f8b8,4,4,23.05,5,64.29,0,pro,casual
usr_03a5868e,5,4,10.85,2,41.36,0,free,casual
usr_8caf4496,7,5,23.89,2,45.54,0,free,casual
usr_f9fdab12,3,3,10.89,2,57.87,0,pro,casual
usr_8da38bff,6,5,15.55,2,53.02,0,pro,casual
usr_53e8ce3c,6,3,11.02,4,51.02,0,free,casual
usr_e426bf13,6,5,17.74,5,40.84,0,free,casual
usr_300e3b84,7,3,10.72,5,47.36,0,free,casual
usr_ed4809b6,5,5,11.68,5,40.56,0,free,casual
usr_0ec0452c,3,3,10.81,3,61.4,0,free,casual
usr_a31082bd,4,5,21.86,4,56.52,0,free,casual
usr_c4980537,7,4,10.59,4,47.73,0,free,casual
usr_b1e6f912,6,3,21.33,5,52.65,0,free,casual
usr_6ee30711,5,5,19.61,3,53.69,0,pro,casual
usr_130d8502,3,5,18.13,2,56.5,0,pro,casual
usr_19bc92c9,3,4,18.21,2,50.72,0,free,casual
usr_e77c0320,3,3,17.06,2,60.07,0,free,casual
usr_d5be78de,5,4,18.95,3,40.64,0,free,casual
usr_fe585af5,5,4,18.59,3,56.49,0,pro,casual
usr_1d9ae9d2,4,3,22.31,4,58.7,0,free,casual
usr_231233dd,4,4,20.15,3,56.12,0,free,casual
usr_f5924ea6,6,3,13.8,4,42.19,0,pro,casual
usr_516ddab5,6,3,21.07,4,56.33,0,free,casual
usr_dd395da6,4,3,20.67,3,46.2,0,free,casual
usr_a0f64a70,4,4,23.32,4,57.53,0,pro,casual
usr_5740ba1b,5,3,10.49,2,45.67,0,free,casual
usr_71474bf3,4,3,17.9,3,61.03,0,pro,casual
usr_f6ed7bd6,7,3,10.9,5,58.29,0,pro,casual
usr_0a8b07a2,3,3,12.25,4,50.83,0,free,casual
usr_339ef210,5,4,23.43,2,54.16,0,pro,casual
usr_bd017c68,5,3,12.76,4,43.42,0,free,casual
usr_da29f4c1,3,5,21.94,2,61.24,0,free,casual
usr_20f0f8c1,3,4,11.29,2,63.34,0,free,casual
usr_e84a176b,6,4,13.83,2,42.73,0,free,casual
usr_1159f685,3,4,11.33,4,61.35,0,free,casual
usr_80097b7c,5,5,23.84,3,57.8,0,free,casual
usr_cbd9fbde,4,3,12.13,3,58.58,0,free,casual
usr_808f052d,7,3,10.71,5,52.34,0,pro,casual
usr_f0e3f5a8,5,5,22.92,3,61.35,0,free,casual
usr_151367ac,7,5,24.81,2,63.67,0,free,casual
usr_6a1776e7,3,4,14.79,5,43.92,0,pro,casual
usr_a215f844,6,4,10.52,2,51.12,0,pro,casual
usr_b2b18657,3,4,15.25,2,54.66,0,free,casual
usr_24350993,6,3,24.49,5,45.06,0,free,casual
usr_be0527b1,7,5,16.56,4,60.58,0,free,casual
usr_67941d28,3,3,15.9,4,47.11,0,pro,casual
usr_12eb5b64,4,5,18.38,5,47.38,0,pro,casual
usr_d4767760,5,4,11.87,4,63.22,0,pro,casual
usr_fcc57b35,4,3,12.66,3,40.97,0,free,casual
usr_b2346610,4,5,22.82,4,43.46,0,free,casual
usr_a7b3013b,7,3,18.2,4,47.12,0,free,casual
usr_dd21f547,4,3,13.59,5,62.73,0,pro,casual
usr_b3aad120,5,3,22.86,2,45.85,0,free,casual
usr_c30e3e9d,4,4,11.93,3,64.09,0,free,casual
usr_ae98d4a9,7,4,24.92,4,57.44,0,free,casual
usr_937e913a,3,3,10.19,2,59.55,0,free,casual
usr_6aeec56d,6,5,16.67,3,42.54,0,free,casual
usr_606c0457,4,3,19.12,3,43.37,0,free,casual
usr_5e2924f5,6,5,13.34,4,48.2,0,free,casual
usr_7259f84e,5,4,14.83,5,43.43,0,free,casual
usr_d6b4749d,3,4,22.47,5,60.68,0,free,casual
usr_a627f8f2,6,4,16.73,4,60.49,0,free,casual
usr_f6704add,7,3,22.87,4,53.75,0,pro,casual
usr_c21822be,5,3,15.53,4,53.23,0,free,casual
usr_95515e83,3,4,15.26,5,45.69,0,free,casual
usr_3f3dd057,3,4,13.91,3,63.18,0,pro,casual
usr_a07c7d8f,3,4,11.45,5,57.88,0,free,casual
usr_f2c253a9,6,5,21.36,4,40.94,0,pro,casual
usr_fee290f7,7,5,22.96,5,64.45,0,free,casual
usr_6256312c,7,4,10.87,2,60.72,0,free,casual
usr_f39bfe95,5,4,24.64,2,46.08,0,free,casual
usr_9a54ed7d,3,4,19.9,4,40.33,0,pro,casual
usr_0fc46c64,5,4,12.54,4,42.57,0,free,casual
usr_c322a64c,4,3,20.21,4,58.28,0,free,casual
usr_2cdc55a7,5,5,12.44,5,49.91,0,pro,casual
usr_9735ba6c,7,3,20.77,2,50.34,0,pro,casual
usr_c456cbd7,4,3,11.06,4,53.97,0,free,casual
usr_eff49162,3,3,15.82,5,52.44,0,free,casual
usr_c1dc7666,3,5,15.2,4,44.16,0,pro,casual
usr_24c78714,7,3,17.39,5,42.79,0,free,casual
usr_8eab20fb,5,5,10.45,3,40.82,0,pro,casual
usr_2ca3297e,3,4,16.45,5,62.68,0,free,casual
usr_96c291f4,6,3,10.32,3,54.55,0,pro,casual
usr_83ca83ed,7,3,24.03,5,42.95,0,pro,casual
usr_209d665c,3,5,22.11,4,53.01,0,free,casual
usr_808d877a,7,4,20.03,3,58.95,0,pro,casual
usr_a3e84aa6,3,3,13.9,4,61.0,0,free,casual
usr_d204e2e3,4,3,20.43,3,44.76,0,pro,casual
usr_765aac80,6,3,16.19,4,57.77,0,free,casual
usr_d9fff6c5,4,3,23.77,2,64.23,0,free,casual
usr_dc0227c1,6,5,13.21,2,46.39,0,free,casual
usr_99cea794,4,3,13.36,3,54.03,0,free,casual
usr_de81d090,4,4,23.95,4,45.15,1,pro,casual
usr_44c045ae,3,5,21.93,5,50.71,0,free,casual
usr_413a2c54,6,3,24.23,3,63.15,0,pro,casual
usr_40367235,5,4,13.38,3,44.96,0,free,casual
usr_874a9997,5,3,12.76,3,62.29,0,free,casual
usr_5eab8538,7,4,21.15,3,57.74,0,free,casual
usr_fb9d9f72,7,5,15.77,4,54.07,0,pro,casual
usr_b4bc862d,4,4,15.91,5,63.27,0,free,casual
usr_1e030446,5,4,15.85,5,61.19,0,free,casual
usr_2b204e2c,5,3,12.01,2,41.9,0,free,casual
usr_76faafe9,7,5,11.37,5,47.64,0,free,casual
usr_85342787,4,5,19.95,3,51.69,0,free,casual
usr_89045c60,3,4,18.5,3,57.43,0,free,casual
usr_1597eac7,7,5,12.17,3,46.29,0,free,casual
usr_b22ff384,7,5,11.55,3,59.82,0,pro,casual
usr_7fa7265c,4,3,10.74,4,64.99,1,free,casual
usr_53cac4d6,7,4,17.09,4,46.4,0,free,casual
usr_70e5d5f7,5,4,14.46,5,54.24,0,free,casual
usr_c65ca7ff,5,4,24.5,5,49.89,0,free,casual
usr_849ef5da,7,4,11.23,4,52.54,0,free,casual
usr_0df68094,3,3,13.25,4,61.63,0,free,casual
usr_26efc70e,5,4,20.29,3,58.55,0,pro,casual
usr_242aafe8,7,4,24.31,2,54.45,0,free,casual
usr_18f2e076,3,5,16.98,4,40.71,0,pro,casual
usr_0752693b,5,5,18.6,3,43.06,0,free,casual
usr_fa9567a1,4,3,23.85,4,59.91,0,pro,casual
usr_3e046418,5,5,20.7,2,49.27,0,pro,casual
usr_32bcb137,6,5,14.23,5,60.13,0,free,casual
usr_af5f5642,6,3,18.92,4,53.81,0,free,casual
usr_e4e401af,3,3,14.9,5,53.25,0,pro,casual
usr_3934e44f,3,4,22.41,3,64.81,0,free,casual
usr_86fa39ca,7,5,10.83,2,48.79,0,free,casual
usr_e42cea17,5,5,10.01,3,47.05,0,free,casual
usr_34117e63,5,5,20.48,2,62.1,0,free,casual
usr_e84653e8,7,5,10.17,3,64.74,0,pro,casual
usr_39f613d1,5,4,15.66,4,63.69,0,free,casual
usr_6d77b308,5,4,10.87,5,50.51,0,pro,casual
usr_cf2785bc,3,5,12.8,5,59.78,0,free,casual
usr_742644dc,6,3,23.44,5,64.76,0,free,casual
usr_37244fae,7,5,18.87,2,42.84,0,free,casual
usr_99a29cfb,4,3,13.51,4,45.64,0,free,casual
usr_d42de8c0,7,5,12.36,2,42.76,0,pro,casual
usr_11d1f71a,3,4,23.26,2,46.87,0,free,casual
usr_4a8e4fa4,3,4,22.54,4,50.91,0,free,casual
usr_7066c92f,5,5,10.58,4,48.49,0,free,casual
usr_aea80744,5,4,15.28,3,48.52,0,free,casual
usr_7fa3d025,5,3,15.36,3,50.29,0,free,casual
usr_3451edbb,7,5,23.3,2,45.95,0,pro,casual
usr_4d10d2e3,5,3,20.19,5,51.57,0,free,casual
usr_db9095cc,4,3,11.76,5,43.9,0,free,casual
usr_635af45a,3,3,19.68,5,41.21,0,free,casual
usr_b07a6a7b,3,5,20.26,3,47.94,1,free,casual
usr_90e038c1,3,3,17.35,5,43.82,0,pro,casual
usr_4e51ca22,5,4,10.77,4,56.79,0,pro,casual
usr_aa123171,5,4,16.92,3,49.63,0,free,casual
usr_895dc8eb,6,5,10.54,2,62.6,0,free,casual
usr_bbf817ba,7,5,14.41,5,49.22,0,pro,casual
usr_efc48649,4,4,16.75,2,54.42,0,free,casual
usr_f2d35006,6,5,15.0,2,62.95,0,pro,casual
usr_b61d5821,6,4,11.49,4,57.2,0,pro,casual
usr_5398754f,5,4,10.46,3,45.09,0,free,casual
usr_fcac5c4a,3,5,15.55,3,58.27,1,pro,casual
usr_244d74e7,7,5,24.16,5,63.52,0,pro,casual
usr_5048cde7,7,4,11.46,3,52.8,0,free,casual
usr_9453b73d,4,3,20.98,5,43.57,0,free,casual
usr_4cf6835a,5,3,16.22,4,43.86,0,pro,casual
usr_5a662778,6,3,12.05,4,62.9,0,free,casual
usr_a71a6a74,7,3,13.72,2,41.17,0,free,casual
usr_9ac4f03b,3,5,22.51,3,59.98,0,pro,casual
usr_0d381f31,3,5,20.43,2,51.67,0,free,casual
usr_659f1690,4,3,18.72,2,40.14,0,pro,casual
usr_5bd51090,7,4,10.88,4,61.86,0,pro,casual
usr_990a3699,5,5,21.96,4,63.43,0,free,casual
usr_ff9dc277,7,4,24.23,3,53.23,0,free,casual
usr_3600abf0,7,3,20.65,5,42.1,0,free,casual
usr_71d76331,6,4,20.45,5,48.93,1,free,casual
usr_16ffc1ff,4,5,15.41,4,45.28,0,free,casual
usr_469d2bbe,6,5,19.54,4,52.06,0,pro,casual
usr_5587d5b0,3,3,16.98,3,43.04,1,pro,casual
usr_00cf1b11,7,5,10.75,2,53.12,0,free,casual
usr_170cab28,6,5,19.97,2,54.62,0,free,casual
usr_77216ad6,3,3,21.19,5,41.07,0,free,casual
usr_a976f4f1,6,3,20.0,4,64.75,0,free,casual
usr_96138f24,3,5,14.18,2,53.41,0,free,casual
usr_75bd1fb8,6,3,23.91,4,61.01,0,free,casual
usr_fcbf68f7,6,5,11.39,5,63.42,0,pro,casual
usr_fa67518c,3,4,24.18,5,61.6,0,free,casual
usr_325c843e,6,5,18.25,2,52.77,0,pro,casual
usr_47ec85b0,7,5,13.6,5,58.03,0,free,casual
usr_698993b1,5,4,22.05,2,48.59,0,pro,casual
usr_b03e6aaa,6,4,12.1,5,50.48,0,free,casual
usr_0e2439d7,4,5,24.57,5,52.6,0,free,casual
usr_f6db5c4e,6,5,23.34,2,44.08,0,free,casual
usr_bffbcc71,5,5,20.94,4,61.16,0,free,casual
usr_73e55d4f,7,5,12.22,3,63.43,0,free,casual
usr_b217b248,5,5,14.76,2,58.86,0,free,casual
usr_c196c455,3,3,17.4,5,47.62,0,free,casual
usr_13fd9330,3,4,23.1,5,53.47,0,pro,casual
usr_ef97a001,3,3,12.15,4,61.45,0,pro,casual
usr_8740d77b,6,3,18.18,4,50.51,0,free,casual
usr_2b35fd2d,5,5,22.34,4,46.62,0,free,casual
usr_735e0ce3,6,3,11.15,4,44.54,0,free,casual
usr_5b391864,7,3,14.62,2,46.19,0,free,casual
usr_275e89cf,6,3,15.91,4,49.41,0,free,casual
usr_60bdd168,3,4,11.95,3,64.47,1,free,casual
usr_2e26e902,4,5,23.32,5,61.47,0,free,casual
usr_8b2898c2,3,4,18.52,5,55.81,0,free,casual
usr_7b308407,6,4,16.01,5,40.6,0,free,casual
usr_45d91bd5,5,4,16.61,5,40.69,0,pro,casual
usr_96a6436b,3,4,11.9,3,41.66,0,free,casual
usr_9ae34f84,5,3,11.93,3,40.48,0,free,casual
usr_538df179,3,3,20.34,2,57.88,0,free,casual
usr_7a171fc5,7,3,22.51,3,42.29,0,free,casual
usr_bc3aa966,6,5,20.17,2,45.31,0,free,casual
usr_63abef2c,7,4,16.64,5,55.36,0,free,casual
usr_cd020a6d,5,3,15.51,5,44.4,0,free,casual
usr_6ba6ebe9,7,5,23.23,2,42.64,0,free,casual
usr_a7f3c3a5,4,3,13.3,5,59.78,0,free,casual
usr_392df0c4,7,5,13.36,4,56.16,0,pro,casual
usr_55ab9abe,3,5,14.25,3,53.06,0,free,casual
usr_791c9cfe,5,5,11.21,3,54.51,1,pro,casual
usr_81cd9d7a,5,3,22.3,3,46.09,0,pro,casual
usr_47bd4707,7,3,12.44,5,57.16,0,free,casual
usr_f0feb535,4,3,20.46,4,64.6,0,pro,casual
usr_f4a00234,4,4,17.83,5,63.37,0,free,casual
usr_bc0f8b5d,6,4,23.96,5,63.95,0,pro,casual
usr_823f8266,5,4,15.34,4,48.65,0,free,casual
usr_ee335a78,7,3,17.96,5,42.23,0,free,casual
usr_ba207726,6,3,18.77,3,47.17,0,free,casual
usr_aeef4371,7,4,12.26,2,49.58,0,free,casual
usr_e818aeba,3,3,10.22,4,44.92,0,free,casual
usr_274e24d5,5,4,19.77,3,41.32,0,free,casual
usr_030f1a8a,7,5,18.74,5,41.26,0,pro,casual
usr_a5a3edf0,5,5,16.5,2,55.53,0,pro,casual
usr_e45431d9,5,5,14.72,4,50.77,0,free,casual
usr_e1317235,5,3,12.72,3,57.73,1,pro,casual
usr_9556f6dc,4,5,11.83,5,46.18,0,pro,casual
usr_3c81ba94,3,5,11.37,4,62.72,0,free,casual
usr_d8d24347,3,4,22.84,2,45.97,0,pro,casual
usr_f677e018,3,5,18.44,4,42.69,0,free,casual
usr_aeee9276,6,5,21.53,2,43.72,0,free,casual
usr_02baeadd,3,5,19.04,3,58.8,1,pro,casual
usr_e235a242,6,4,10.21,2,58.73,0,pro,casual
usr_45528d82,3,5,19.89,4,49.49,0,free,casual
usr_6244ed14,7,4,24.39,2,51.73,0,free,casual
usr_5623d07d,4,4,21.07,2,40.2,0,free,casual
usr_43a4ef39,3,5,17.83,5,42.42,0,free,casual
usr_87f2e1b2,3,3,10.33,5,64.46,0,pro,casual
usr_837c9fdd,3,3,23.56,5,49.06,0,free,casual
usr_c022d976,6,4,12.16,3,62.86,0,pro,casual
usr_6466381a,3,4,13.84,5,49.87,1,free,casual
usr_24ca9d1b,4,5,11.65,5,55.51,1,free,casual
usr_5d39e06a,4,5,12.06,5,45.59,0,free,casual
usr_4c78492b,5,4,11.44,4,46.39,0,free,casual
usr_7b3f5e29,5,5,20.77,3,62.27,0,pro,casual
usr_6dd1a2a9,5,5,22.91,4,63.49,0,free,casual
usr_1d1a215b,6,5,12.09,5,63.95,0,free,casual
usr_f0c24da3,5,5,13.43,2,45.79,0,free,casual
usr_0ee32eb5,4,4,11.89,3,54.77,0,pro,casual
usr_4d14f514,3,3,17.74,5,58.01,0,free,casual
usr_f04a7e5f,3,4,20.26,3,60.87,0,free,casual
usr_b54247e9,3,3,10.89,3,55.46,0,free,casual
usr_728d61de,6,3,14.61,3,59.4,0,free,casual
usr_5b35da30,4,3,22.98,2,56.05,0,free,casual
usr_30318ce9,4,4,10.38,2,64.26,0,pro,casual
usr_6084445b,6,5,10.04,5,61.5,0,free,casual
usr_44405ee9,4,3,11.9,4,54.66,0,free,casual
usr_c27499f4,4,3,21.53,5,52.47,0,free,casual
usr_3595dc76,5,3,11.57,2,44.65,0,free,casual
usr_51d0d7c9,5,5,18.57,3,42.37,0,pro,casual
usr_b822ab88,3,5,17.93,5,47.81,0,free,casual
usr_d94d906e,7,3,10.42,2,45.0,0,free,casual
usr_ac93e712,6,3,11.45,2,41.96,0,free,casual
usr_ce1d80ed,4,3,18.1,2,44.11,0,free,casual
usr_97fa3af0,5,3,21.49,5,55.89,1,free,casual
usr_79f20459,5,3,15.52,2,63.09,0,pro,casual
usr_ab5269db,5,3,10.92,3,64.53,0,free,casual
usr_c5a1b0e0,6,3,11.3,4,58.79,0,pro,casual
usr_cb31dc38,5,5,10.81,5,61.17,0,free,casual
usr_2b6f057d,3,3,20.32,2,44.95,1,free,casual
usr_8473c0b2,3,3,18.69,2,59.88,0,pro,casual
usr_d3c1c1dc,6,4,21.1,2,42.36,0,free,casual
usr_6c7485b0,6,5,14.57,2,56.58,0,free,casual
usr_e9ac7d5d,5,3,14.21,4,57.39,0,pro,casual
usr_dc704e5a,3,5,11.51,4,60.75,0,free,casual
usr_f12788a3,3,5,12.23,4,62.55,0,free,casual
usr_4bfd5b68,3,5,22.3,4,40.75,0,free,casual
usr_705352e4,7,5,11.77,3,62.4,0,free,casual
usr_ed04d878,6,3,19.0,3,48.68,0,free,casual
usr_1417e8c9,5,5,15.12,4,49.44,0,free,casual
usr_e0ca2941,3,5,13.4,3,56.55,0,pro,casual
usr_acd13ebe,5,4,12.91,2,43.55,0,pro,casual
usr_a6ee9148,7,4,16.53,2,64.29,0,free,casual
usr_d1daa60e,4,3,19.26,2,58.02,0,pro,casual
usr_cf0825d9,3,5,12.05,4,51.78,0,pro,casual
usr_1a9d2030,7,4,24.27,3,59.2,0,pro,casual
usr_893498b8,4,3,11.0,5,64.78,0,free,casual
usr_e0256212,4,4,20.61,5,63.21,0,pro,casual
usr_a435cb1e,4,3,11.62,4,62.73,0,free,casual
usr_2474862d,4,5,23.38,3,49.42,0,pro,casual
usr_c66b8e99,4,5,17.09,4,61.75,0,free,casual
usr_a1a2d69f,4,3,19.55,2,49.92,0,free,casual
usr_4452904d,5,5,19.33,4,55.62,0,pro,casual
usr_cb819a73,7,3,16.26,5,60.52,0,free,casual
usr_2eb454aa,6,5,20.16,3,55.9,0,free,casual
usr_768d407f,4,3,22.03,3,45.11,0,free,casual
usr_590b295a,3,4,16.59,2,49.87,0,free,casual
usr_2d954000,5,4,20.84,2,45.12,0,free,casual
usr_0afa02bb,4,5,20.81,5,46.78,0,free,casual
usr_60f764f9,5,4,24.64,4,62.65,0,free,casual
usr_88163df2,6,4,18.96,4,41.71,0,free,casual
usr_0942e207,4,4,19.07,4,44.17,0,free,casual
usr_9631b04b,4,4,11.48,2,48.1,0,pro,casual
usr_2cc65d90,6,3,17.07,2,52.76,0,free,casual
usr_e033e42c,6,4,21.92,4,42.74,0,free,casual
usr_92263b49,3,5,21.24,2,45.94,0,free,casual
usr_5dd811f9,6,5,15.78,2,52.26,0,free,casual
usr_faf9ffe4,3,3,14.08,5,42.9,0,free,casual
usr_2936fe81,6,3,16.76,5,43.92,0,free,casual
usr_1032e91b,3,3,18.69,3,43.87,0,free,casual
usr_9f9a903f,7,4,10.65,4,43.84,0,free,casual
usr_42e12e41,6,5,16.04,4,43.15,0,free,casual
usr_8d85037f,3,5,13.14,5,63.99,0,pro,casual
usr_d47740c4,3,4,12.77,2,61.52,0,free,casual
usr_4f6df2a9,3,3,14.44,3,44.67,0,free,casual
usr_ac20eedb,7,5,12.78,2,47.72,0,free,casual
usr_10aae6d3,6,4,14.8,4,46.66,0,free,casual
usr_27b81023,3,4,16.55,3,47.98,0,free,casual
usr_4cd90532,6,4,17.06,2,49.14,0,free,casual
usr_404bd5c8,5,5,14.2,4,61.33,0,free,casual
usr_a534ea17,6,3,15.39,2,42.55,0,pro,casual
usr_a270b7d1,4,5,13.6,3,52.29,0,free,casual
usr_d8a19094,3,5,19.11,3,40.03,0,free,casual
usr_7a42ca5e,5,4,11.04,2,43.64,0,free,casual
usr_5fb0cf2b,6,5,18.4,5,40.84,0,free,casual
usr_1763d4f3,3,5,12.32,4,63.07,0,pro,casual
usr_27ec98ff,5,5,18.28,3,57.79,0,pro,casual
usr_e39893f6,3,5,12.62,4,43.08,0,pro,casual
usr_182b4627,3,5,21.84,3,41.13,0,pro,casual
usr_64b16e81,4,3,10.03,5,40.23,0,free,casual
usr_64cb61e6,4,3,19.97,5,60.44,0,free,casual
usr_7886009b,3,4,21.01,2,62.43,0,pro,casual
usr_d6a15bcb,7,4,17.17,2,53.92,0,pro,casual
usr_7e1e918b,6,4,21.87,4,47.17,0,free,casual
usr_ccdea520,4,5,17.02,2,49.6,0,free,casual
usr_9654b9e2,6,4,12.85,4,55.3,0,free,casual
usr_20fd0c60,4,3,10.78,3,42.3,0,free,casual
usr_f399d796,4,4,16.04,5,41.65,0,free,casual
usr_93b12476,6,5,16.36,5,52.02,0,free,casual
usr_45643823,4,5,23.62,2,48.47,0,pro,casual
usr_12a1923e,7,5,23.79,3,59.41,0,free,casual
usr_4412a8f7,6,5,18.12,3,53.58,0,free,casual
usr_d703e66c,3,3,23.84,4,61.52,0,free,casual
usr_3d281a5d,3,4,24.9,4,42.28,0,free,casual
usr_03068f20,7,4,11.94,5,49.51,0,pro,casual
usr_ba748949,4,5,15.48,2,55.31,0,free,casual
usr_38abc54f,3,3,15.11,3,53.24,0,free,casual
usr_567aaf13,7,5,22.25,2,51.75,1,free,casual
usr_e6c7dff6,3,4,13.12,5,42.29,0,pro,casual
usr_8b913254,6,4,20.73,3,64.86,0,free,casual
usr_c651b130,4,4,16.36,2,60.23,0,pro,casual
usr_91618157,3,4,10.91,3,54.61,0,pro,casual
usr_85abb688,7,5,22.27,5,63.31,0,free,casual
usr_938983f8,4,5,17.5,5,40.22,0,free,casual
usr_ec96e485,3,3,16.73,5,50.44,0,pro,casual
usr_d24202c5,6,3,18.79,5,50.19,0,free,casual
usr_29187fd5,7,5,11.66,2,47.3,0,free,casual
usr_fff15277,3,4,18.34,5,57.04,0,pro,casual
usr_088614c1,5,4,10.57,5,64.15,0,free,casual
usr_b1271a4d,6,5,21.12,2,59.15,0,free,casual
usr_caa04926,7,4,17.06,2,46.81,0,free,casual
usr_f9989d7a,3,4,19.2,2,49.57,0,free,casual
usr_9ae9b8d0,3,4,23.36,5,43.57,0,pro,casual
usr_62537749,7,5,10.93,5,60.99,0,free,casual
usr_acf91a6a,7,5,16.47,5,62.21,0,pro,casual
usr_69aa3b5b,4,5,16.11,2,46.04,0,free,casual
usr_ae0f4356,6,3,14.35,3,62.35,0,free,casual
usr_62717e54,4,3,22.87,2,47.63,0,pro,casual
usr_e7354805,3,3,22.96,5,41.58,0,free,casual
usr_d001297b,6,4,10.77,2,63.33,0,free,casual
usr_d84f0c50,6,4,21.59,4,53.84,0,free,casual
usr_e3874275,5,4,18.39,2,44.84,0,free,casual
usr_f00296a6,4,3,24.01,4,64.19,0,free,casual
usr_dda584c8,5,3,16.77,4,59.49,0,free,casual
usr_3c75a2bc,5,4,22.36,2,43.73,0,free,casual
usr_fedf3c08,3,3,10.64,3,46.54,0,pro,casual
usr_a54640e4,7,5,20.65,2,40.63,0,free,casual
usr_d3189f40,7,5,19.12,5,41.91,0,free,casual
usr_fce18bc3,6,3,18.01,2,59.57,0,free,casual
usr_f6405ba0,5,5,13.04,2,46.43,1,free,casual
usr_b8470a47,7,5,20.48,3,53.23,0,free,casual
usr_253200ac,4,4,17.62,4,59.47,0,free,casual
usr_f90609b7,5,5,23.49,4,42.69,0,free,casual
usr_c122b5c5,5,3,14.11,4,41.23,0,free,casual
usr_d595ae21,4,4,11.82,4,44.11,0,pro,casual
usr_3ecb318b,7,4,12.78,5,46.41,0,free,casual
usr_252b7ad1,3,4,21.13,3,49.44,0,free,casual
usr_737ba0f0,5,3,16.89,2,44.97,0,free,casual
usr_af275b6e,7,5,22.19,5,48.84,1,free,casual
usr_74d578b5,6,4,16.0,5,52.72,0,free,casual
usr_46ae0d85,5,4,21.37,5,62.83,0,free,casual
usr_f307f2dd,4,5,18.02,4,53.06,0,free,casual
usr_6f3c9ffa,0,1,6.57,11,19.74,0,free,at_risk
usr_6ca40d7e,0,2,9.39,11,19.8,1,free,at_risk
usr_4051f107,1,1,13.54,8,23.8,1,free,at_risk
usr_db095852,1,2,7.51,7,18.3,0,free,at_risk
usr_19632c2f,0,1,14.25,13,32.08,1,free,at_risk
usr_e1e9b155,1,1,12.63,11,22.58,1,free,at_risk
usr_71a01b06,0,1,12.95,14,19.42,1,free,at_risk
usr_3c9b6cee,2,1,14.09,9,27.93,1,free,at_risk
usr_90d8729f,0,2,6.47,12,19.48,0,free,at_risk
usr_52dee18b,2,2,5.66,7,22.97,0,free,at_risk
usr_f50c7060,2,1,14.21,11,27.13,0,free,at_risk
usr_7dcfcd0a,1,2,5.87,9,33.81,0,free,at_risk
usr_82c22797,1,2,11.56,11,31.23,0,free,at_risk
usr_0144ded1,0,1,10.97,8,29.01,0,free,at_risk
usr_478f78e1,2,2,9.01,12,29.83,1,free,at_risk
usr_e293317e,1,2,7.05,8,33.79,1,free,at_risk
usr_6a814e11,0,2,12.19,11,22.84,1,free,at_risk
usr_e4651ebd,1,2,9.26,13,24.22,0,free,at_risk
usr_73945bf1,1,2,14.18,11,26.52,1,free,at_risk
usr_a52ec596,0,1,5.52,9,15.57,1,free,at_risk
usr_af0fd408,1,1,12.25,14,34.17,0,free,at_risk
usr_cda3d64b,0,2,13.5,8,22.72,0,free,at_risk
usr_2d754a33,1,2,9.37,13,20.5,0,free,at_risk
usr_6bb12ec1,2,2,9.57,14,28.84,1,free,at_risk
usr_06c84c17,1,1,12.26,13,25.63,1,free,at_risk
usr_be588650,0,1,14.87,14,21.13,1,free,at_risk
usr_ca8f0fdf,0,2,8.28,10,33.37,0,free,at_risk
usr_645067cb,1,2,14.11,10,33.93,1,free,at_risk
usr_8016efa6,2,1,11.34,13,25.61,1,free,at_risk
usr_4a593c1d,1,2,5.32,13,34.3,1,free,at_risk
usr_a57f75c2,1,2,6.43,12,15.7,1,free,at_risk
usr_b7277045,2,1,11.82,9,25.12,1,free,at_risk
usr_d8dd5e76,1,1,7.14,13,28.99,1,free,at_risk
usr_f01758af,1,1,12.57,12,19.77,0,free,at_risk
usr_232a95ef,2,2,10.84,12,32.81,1,free,at_risk
usr_f5e224f4,0,2,10.6,7,29.64,0,free,at_risk
usr_28e27389,1,2,7.19,8,25.11,0,free,at_risk
usr_be845763,2,1,10.47,10,24.19,0,free,at_risk
usr_7b34df31,0,1,14.8,11,27.66,0,free,at_risk
usr_4336bfc1,0,2,5.61,10,19.11,1,free,at_risk
usr_8884cca7,2,2,14.09,13,30.81,1,free,at_risk
usr_6bea3fe5,1,2,11.01,9,19.19,1,free,at_risk
usr_c95af113,2,1,8.36,9,33.14,0,free,at_risk
usr_eb1ecde3,1,1,8.71,11,21.29,1,free,at_risk
usr_3fe9295d,0,2,9.2,11,31.28,1,free,at_risk
usr_bd2dc556,2,2,11.73,12,25.0,1,free,at_risk
usr_b66d87e8,1,2,9.5,11,15.05,1,free,at_risk
usr_be182e20,1,2,10.05,12,31.38,1,free,at_risk
usr_81a22c14,0,2,11.92,13,25.73,0,free,at_risk
usr_c9da6086,2,1,6.29,9,23.28,0,free,at_risk
usr_7614f118,2,1,8.13,9,25.28,1,free,at_risk
usr_b1496be4,0,1,11.84,13,23.96,1,free,at_risk
usr_3f4be3f1,1,1,11.72,7,22.12,0,free,at_risk
usr_0226f27d,2,1,6.05,7,15.74,0,free,at_risk
usr_e0a0f201,2,2,10.47,11,25.1,1,free,at_risk
usr_2b4806bf,0,2,8.45,13,31.31,1,free,at_risk
usr_b84464d1,1,2,8.38,10,28.0,0,free,at_risk
usr_4bfc0459,1,1,9.06,7,26.14,1,free,at_risk
usr_7cd46029,0,1,6.66,14,23.49,1,free,at_risk
usr_b4fb79de,0,2,7.07,11,29.17,0,free,at_risk
usr_ff24b39d,0,1,14.71,9,15.29,1,free,at_risk
usr_6deade0c,1,2,9.69,7,34.4,1,free,at_risk
usr_81ad4abf,0,2,7.69,8,32.63,1,free,at_risk
usr_694dedba,0,1,12.86,9,24.7,1,free,at_risk
usr_9721a1ee,1,2,8.56,7,32.44,1,free,at_risk
usr_ccb86029,2,1,8.4,7,21.84,1,free,at_risk
usr_4fc6b2df,1,2,6.37,12,20.11,0,free,at_risk
usr_6c8389a4,0,1,10.52,13,21.57,0,free,at_risk
usr_5e161e1e,1,2,12.39,14,23.33,1,free,at_risk
usr_357d967f,2,2,12.08,11,27.49,0,free,at_risk
usr_8284df61,0,1,5.97,13,18.16,0,free,at_risk
usr_7c731172,2,1,5.23,9,20.0,0,free,at_risk
usr_71a29eb0,1,1,12.45,11,21.75,1,free,at_risk
usr_3d49a277,1,2,11.23,13,18.19,0,free,at_risk
usr_453736a8,2,1,11.24,10,30.37,1,free,at_risk
usr_0324913d,1,1,6.71,12,30.51,0,free,at_risk
usr_f6841038,0,2,6.45,10,29.81,0,free,at_risk
usr_cfe8cc79,0,2,12.24,7,28.09,1,free,at_risk
usr_99e0ac85,2,1,8.1,11,33.66,1,free,at_risk
usr_c79b6595,1,1,5.15,7,18.03,1,free,at_risk
usr_98a9ff1e,0,1,13.38,12,27.04,0,free,at_risk
usr_73c379af,0,1,11.91,7,26.78,1,free,at_risk
usr_176c0e8a,2,1,10.05,12,15.37,0,free,at_risk
usr_c6035392,0,1,5.41,9,29.33,1,free,at_risk
usr_89e6c3a3,2,1,5.92,11,34.07,1,free,at_risk
usr_21016869,0,2,9.17,7,15.24,1,free,at_risk
usr_e4c861c9,1,1,12.17,8,26.83,1,free,at_risk
usr_2686a397,0,2,11.08,13,27.67,0,free,at_risk
usr_95ad7398,2,2,12.86,11,33.65,0,free,at_risk
usr_d9763bcf,0,1,9.13,14,23.94,1,free,at_risk
usr_4cf2bce6,2,1,7.19,12,26.32,1,free,at_risk
usr_7fc7958d,1,1,7.9,12,30.78,0,free,at_risk
usr_35dfc24c,0,2,10.29,8,20.39,1,free,at_risk
usr_0b8f51ba,2,2,14.23,8,16.82,1,free,at_risk
usr_7ceb5c6a,2,1,8.37,12,20.09,0,free,at_risk
usr_83d70ec6,2,1,14.11,8,26.54,0,free,at_risk
usr_b409d29a,1,1,7.52,14,21.23,1,free,at_risk
usr_89250a81,2,1,8.33,7,27.01,1,free,at_risk
usr_81820065,0,1,12.13,7,32.97,0,free,at_risk
usr_dec090bd,2,1,8.88,10,23.63,1,free,at_risk
usr_4107ce71,1,2,8.15,12,26.22,0,free,at_risk
usr_72d5da05,1,2,9.79,11,26.89,1,free,at_risk
usr_b82ace88,1,1,10.1,11,29.01,1,free,at_risk
usr_c3dfb413,1,1,12.55,13,28.15,1,free,at_risk
usr_8940f930,1,1,13.19,7,26.0,0,free,at_risk
usr_f63d388d,2,1,13.64,12,24.02,0,free,at_risk
usr_235ed31f,1,2,14.32,14,25.52,1,free,at_risk
usr_dc0879fa,1,1,6.54,14,24.27,1,free,at_risk
usr_fe3c341a,1,1,7.36,11,33.06,0,free,at_risk
usr_7260bcf0,0,2,13.97,13,21.77,0,free,at_risk
usr_cd530c51,0,2,12.25,7,32.49,1,free,at_risk
usr_5d9845ee,1,2,12.34,7,32.61,1,free,at_risk
usr_4552ed1f,2,2,8.21,10,28.83,1,free,at_risk
usr_7c91e0bb,2,2,14.37,12,29.35,0,free,at_risk
usr_5ed4caa8,0,2,10.07,14,23.59,1,free,at_risk
usr_2dc24824,1,1,14.69,7,30.62,1,free,at_risk
usr_421d5283,0,2,14.2,12,30.31,0,free,at_risk
usr_025b6d72,1,1,11.97,9,15.31,0,free,at_risk
usr_79d7dbed,1,1,6.28,12,32.47,1,free,at_risk
usr_85ef93da,0,2,10.35,8,21.23,1,free,at_risk
usr_e046f9fd,2,1,5.64,11,15.28,0,free,at_risk
usr_2f4d8644,0,2,13.46,10,34.3,0,free,at_risk
usr_ec28f9ef,2,2,9.46,12,34.27,1,free,at_risk
usr_7e036ea5,1,2,13.77,7,33.61,1,free,at_risk
usr_94b8efc9,1,2,12.0,14,31.74,0,free,at_risk
usr_d24138b8,2,1,9.54,7,27.32,0,free,at_risk
usr_b83610b0,1,2,11.22,9,31.5,0,free,at_risk
usr_0101e626,2,2,7.91,10,18.14,1,free,at_risk
usr_89bef2f8,1,2,7.78,13,16.05,1,free,at_risk
usr_86442f1b,1,2,14.06,13,17.61,1,free,at_risk
usr_6f2f9aa9,2,1,9.74,12,34.84,0,free,at_risk
usr_987dbfae,2,2,14.02,10,32.42,0,free,at_risk
usr_8263761b,1,1,13.51,11,17.2,1,free,at_risk
usr_aab3b6d6,0,1,12.92,7,24.09,0,free,at_risk
usr_f8530633,1,2,6.08,8,21.23,1,free,at_risk
usr_58ebe5b8,2,1,8.38,9,30.32,0,free,at_risk
usr_6ef0ed9d,2,1,14.64,12,32.48,0,free,at_risk
usr_bbf5b96c,1,1,5.06,9,31.6,0,free,at_risk
usr_0044df5a,0,2,9.05,9,21.69,0,free,at_risk
usr_249f36c7,0,2,11.31,12,16.36,1,free,at_risk
usr_913a0e08,1,1,13.37,14,24.39,0,free,at_risk
usr_f4d970c8,0,2,5.41,11,18.67,1,free,at_risk
usr_bbbf743a,1,1,13.75,11,20.72,0,free,at_risk
usr_244ebc41,2,1,10.59,11,24.85,0,free,at_risk
usr_50009482,2,2,6.21,12,18.79,1,free,at_risk
usr_4f22ae14,0,1,9.06,13,28.99,1,free,at_risk
usr_7c5772fb,1,1,9.13,8,17.44,1,free,at_risk
usr_7fd072c6,2,2,11.19,14,18.49,1,free,at_risk
usr_ab840bf8,1,2,12.28,13,18.83,0,free,at_risk
usr_686f3ba7,0,2,5.3,9,17.58,0,free,at_risk
usr_3711dacf,1,2,8.76,14,22.61,0,free,at_risk
usr_9723062d,2,1,5.6,14,31.94,0,free,at_risk
usr_993e14b6,0,2,13.12,9,33.28,0,free,at_risk
usr_4b365cf0,0,2,8.96,12,20.95,0,free,at_risk
usr_c330d48b,1,2,7.45,8,31.47,0,free,at_risk
usr_bce02005,0,2,6.45,12,30.16,0,free,at_risk
usr_61940608,0,1,13.51,7,24.55,1,free,at_risk
usr_f895e822,2,1,11.72,11,20.51,0,free,at_risk
usr_762af6e4,1,1,11.25,13,19.25,1,free,at_risk
usr_dda51b52,1,1,11.38,10,24.59,0,free,at_risk
usr_39175177,2,2,13.84,14,15.53,1,free,at_risk
usr_74225ec0,1,2,7.8,7,22.22,1,free,at_risk
usr_f9869f92,2,2,12.05,14,26.59,0,free,at_risk
usr_6dc72494,2,1,13.56,14,30.89,0,free,at_risk
usr_03f7c61a,2,2,11.67,11,22.2,1,free,at_risk
usr_4c52df88,0,2,9.97,12,23.07,1,free,at_risk
usr_c3baaf22,0,1,14.25,8,23.71,1,free,at_risk
usr_954fa891,2,2,12.01,11,32.03,1,free,at_risk
usr_edfa47a4,2,1,7.83,7,18.73,0,free,at_risk
usr_2e53b276,2,2,10.22,9,22.29,1,free,at_risk
usr_2b006cf2,2,2,7.4,13,15.65,0,free,at_risk
usr_82556779,0,2,11.45,14,15.52,1,free,at_risk
usr_2627a455,2,1,8.13,14,16.13,1,free,at_risk
usr_85d1ac9d,1,2,6.71,9,21.49,1,free,at_risk
usr_ecb3946a,1,1,12.53,13,26.96,0,free,at_risk
usr_64ae7e0b,1,1,12.68,7,29.59,0,free,at_risk
usr_878a7b3c,2,1,5.37,13,28.74,0,free,at_risk
usr_2d66e31e,2,2,13.0,12,28.25,0,free,at_risk
usr_7f093c5d,0,1,9.24,8,32.59,0,free,at_risk
usr_065c0cab,2,1,6.55,11,33.83,1,free,at_risk
usr_a5d0001f,0,1,9.73,9,30.95,0,free,at_risk
usr_8b99dc54,0,2,6.1,9,18.48,0,free,at_risk
usr_9b90809e,1,2,13.3,10,34.76,1,free,at_risk
usr_4de73103,0,1,5.94,14,18.54,1,free,at_risk
usr_24a1b290,1,2,14.18,8,26.85,0,free,at_risk
usr_4268122c,2,2,9.76,10,23.41,1,free,at_risk
usr_e83a733b,1,1,7.86,11,24.63,1,free,at_risk
usr_dcf70451,2,1,8.56,11,26.32,1,free,at_risk
usr_1555b51b,1,2,12.62,8,27.96,0,free,at_risk
usr_4cbded99,1,1,13.55,10,33.97,1,free,at_risk
usr_9e6e1ec1,0,2,7.73,7,16.87,1,free,at_risk
usr_c1f2dd30,2,2,14.5,13,16.16,0,free,at_risk
usr_183fdf1a,2,1,14.53,10,18.57,0,free,at_risk
usr_7798a70e,2,1,11.9,9,28.63,0,free,at_risk
usr_6804a0e9,0,2,6.05,14,21.89,0,free,at_risk
usr_83678bb9,1,1,5.96,11,34.72,1,free,at_risk
usr_b9051c69,0,1,14.14,9,22.73,1,free,at_risk
usr_46cae3ff,1,1,10.96,13,32.29,1,free,at_risk
usr_baf3fe02,0,1,11.69,13,22.23,1,free,at_risk
usr_7563b6f2,1,2,11.73,14,27.35,0,free,at_risk
usr_a7c9bd54,1,2,9.33,11,22.88,1,free,at_risk
usr_4fc61e9a,1,2,9.59,7,28.82,0,free,at_risk
usr_2709614e,2,2,7.62,14,34.84,1,free,at_risk
usr_6e07f04a,2,2,7.17,12,28.97,1,free,at_risk
usr_36131241,2,1,11.14,13,27.76,0,free,at_risk
usr_b39576b9,1,2,9.85,14,29.89,1,free,at_risk
usr_511bef4d,2,1,7.23,7,34.05,1,free,at_risk
usr_46f897b6,1,2,6.89,7,27.56,0,free,at_risk
usr_e4b32521,1,2,12.02,12,19.3,1,free,at_risk
usr_81ac506e,2,1,6.48,10,33.07,1,free,at_risk
usr_61816e7f,0,1,14.24,9,32.51,1,free,at_risk
usr_52dd7bfe,1,2,9.12,7,29.3,1,free,at_risk
usr_557d5c22,1,2,10.3,8,20.37,0,free,at_risk
usr_cd9e3986,1,1,7.97,13,18.77,1,free,at_risk
usr_9032db31,2,2,14.21,9,30.51,1,free,at_risk
usr_b0e20e70,1,1,11.06,7,33.58,1,free,at_risk
usr_8ac85c73,0,1,5.88,9,29.35,1,free,at_risk
usr_4f6daf17,2,1,10.56,7,22.09,1,free,at_risk
usr_5597a12d,0,2,14.02,8,33.76,1,free,at_risk
usr_516377fe,0,1,7.3,10,24.23,1,free,at_risk
usr_f4925b14,2,2,13.3,13,29.65,1,free,at_risk
usr_5381e492,1,2,5.04,14,30.44,1,free,at_risk
usr_189f0207,2,1,10.5,13,16.07,1,free,at_risk
usr_7b051622,0,1,9.39,12,26.02,0,free,at_risk
usr_06d3e825,2,1,14.19,10,15.09,0,free,at_risk
usr_7b870259,1,2,9.03,12,29.83,0,free,at_risk
usr_37091aa3,2,2,7.02,10,30.86,1,free,at_risk
usr_2baac487,2,2,5.56,11,34.74,1,free,at_risk
usr_b9277e88,0,1,7.59,10,25.63,1,free,at_risk
usr_c3140e65,0,1,11.34,10,32.66,0,free,at_risk
usr_b13daf6f,1,2,8.45,8,28.68,0,free,at_risk
usr_f244d0f9,2,1,8.3,12,27.62,1,free,at_risk
usr_0fdeac44,1,1,12.04,9,31.38,1,free,at_risk
usr_3088a4a4,1,1,8.78,10,34.08,1,free,at_risk
usr_9cbeb7ed,0,2,6.63,9,25.92,1,free,at_risk
usr_5dd13a7c,0,1,10.33,14,19.84,1,free,at_risk
usr_8e485d16,2,1,8.61,10,25.1,0,free,at_risk
usr_65c50f9d,1,1,14.24,9,34.25,1,free,at_risk
usr_b9048c7d,1,2,5.38,14,26.34,1,free,at_risk
usr_cb512123,1,1,5.04,10,28.55,0,free,at_risk
usr_46c5bfec,2,1,11.54,12,16.74,1,free,at_risk
usr_2b001db1,0,1,9.15,13,28.79,0,free,at_risk
usr_d3c2f10b,1,2,7.73,7,29.57,1,free,at_risk
usr_792d2e9d,1,2,9.05,8,20.95,0,free,at_risk
usr_352e1af5,2,1,11.21,13,20.77,0,free,at_risk
usr_498102a3,2,2,12.01,8,30.56,0,free,at_risk
usr_3a911fca,0,1,10.19,13,17.43,0,free,at_risk
usr_40f2b16c,2,2,9.64,10,19.1,1,free,at_risk
usr_cf601090,2,1,13.76,9,25.62,1,free,at_risk
usr_18cc6c21,1,1,6.51,9,27.17,1,free,at_risk
usr_1bc0b54e,0,1,13.33,8,19.3,0,free,at_risk
usr_86b00d2c,0,2,8.06,12,18.37,0,free,at_risk
usr_0be75831,1,1,12.54,11,23.17,0,free,at_risk
usr_d9995c19,1,1,9.16,10,20.51,1,free,at_risk
usr_9f6e59c3,2,1,7.16,8,27.35,1,free,at_risk
usr_45bb99c5,1,2,7.57,9,29.01,0,free,at_risk
usr_3e2251fa,1,2,14.42,7,25.52,1,free,at_risk
usr_645852c2,2,2,13.46,10,17.32,1,free,at_risk
usr_9fc45434,0,1,13.69,11,20.25,1,free,at_risk
usr_88595934,2,2,7.72,14,18.47,1,free,at_risk
usr_1737c0b2,2,1,10.42,8,21.1,0,free,at_risk
usr_9f55729d,0,2,14.02,9,25.21,0,free,at_risk
usr_958c62d4,0,2,11.86,9,22.8,0,free,at_risk
usr_4ff4e50f,0,1,14.68,10,27.31,1,free,at_risk
usr_20c1da69,2,2,10.1,7,29.35,1,free,at_risk
usr_4cc24c1e,1,1,11.02,10,32.47,0,free,at_risk
usr_f928d13e,0,1,9.9,7,25.85,0,free,at_risk
usr_bdc3b3b0,2,2,12.38,12,16.44,1,free,at_risk
usr_1881cc13,0,2,7.4,9,24.51,1,free,at_risk
usr_3b15e4e1,0,1,13.58,9,28.66,1,free,at_risk
usr_005044ab,1,2,5.78,14,15.89,1,free,at_risk
usr_a0562752,1,1,10.17,8,26.34,0,free,at_risk
usr_c1430b9c,0,1,13.06,9,23.8,0,free,at_risk
usr_4b525178,0,2,8.98,11,24.03,1,free,at_risk
usr_a94c00df,1,2,11.69,10,21.86,0,free,at_risk
usr_30469ed6,1,2,10.87,7,18.24,1,free,at_risk
usr_9f4acb3a,0,1,5.58,7,22.55,1,free,at_risk
usr_166f8c1f,2,2,14.28,12,21.11,1,free,at_risk
usr_51a98b98,0,2,14.95,12,27.33,1,free,at_risk
usr_6b8791cc,0,1,12.39,7,20.67,1,free,at_risk
usr_39624cd5,1,1,12.2,10,23.05,1,free,at_risk
usr_7c1924c3,2,2,12.24,14,26.01,1,free,at_risk
usr_e3f9c8a6,2,1,12.85,13,29.44,1,free,at_risk
usr_9c372235,0,1,9.69,9,17.44,0,free,at_risk
usr_0fb2a4b9,1,1,5.98,12,25.93,0,free,at_risk
usr_38adbb2e,1,2,14.59,7,18.6,1,free,at_risk
usr_f556da2a,1,2,11.81,12,33.6,0,free,at_risk
usr_695c788d,1,2,8.56,11,34.36,1,free,at_risk
usr_1602ec59,2,2,8.23,11,34.39,1,free,at_risk
usr_44124c07,0,1,10.34,9,15.08,1,free,at_risk
usr_249ccdb9,2,2,13.0,13,23.46,0,free,at_risk
usr_46f508be,0,1,9.96,13,20.84,0,free,at_risk
usr_401dda36,2,1,8.73,12,28.46,1,free,at_risk
usr_7485c1a8,0,1,9.34,11,15.26,1,free,at_risk
usr_f6b61d52,0,1,9.31,13,29.77,0,free,at_risk
usr_919087a5,2,1,10.78,8,15.96,1,free,at_risk
usr_19dd99ab,0,2,7.27,11,28.74,1,free,at_risk
usr_7324616d,1,2,9.43,11,31.71,1,free,at_risk
usr_1bd09172,0,2,8.55,10,34.37,0,free,at_risk
usr_8c70358b,1,2,8.51,8,26.68,1,free,at_risk
usr_efdadbda,0,2,12.4,13,15.22,1,free,at_risk
usr_7aea5d94,0,1,12.1,10,22.51,0,free,at_risk
usr_29ec36a6,2,2,13.76,14,30.34,1,free,at_risk
usr_e2c12720,1,1,6.08,10,31.19,1,free,at_risk
usr_d050a1d5,2,2,12.49,14,27.59,1,free,at_risk
usr_20b25bc9,2,1,8.99,14,25.64,1,free,at_risk
usr_17687238,1,1,14.64,12,23.34,1,free,at_risk
usr_403d8550,1,2,9.91,14,30.17,1,free,at_risk
usr_cb742039,2,2,14.04,12,27.26,0,free,at_risk
usr_784d76e5,1,1,14.1,11,21.68,1,free,at_risk
usr_e8591048,2,2,11.47,14,22.91,1,free,at_risk
usr_8d19d571,2,1,6.35,13,34.94,1,free,at_risk
usr_6c343b24,1,1,9.87,12,32.98,0,free,at_risk
usr_0ec60b85,2,2,12.76,12,25.46,1,free,at_risk
usr_3ada0b3e,2,1,9.15,13,26.64,0,free,at_risk
usr_658fe7e4,2,2,6.56,9,15.49,1,free,at_risk
usr_1f5b92fa,2,1,13.03,10,19.76,1,free,at_risk
usr_3a70acf0,1,2,9.55,9,34.68,1,free,at_risk
usr_4e796d45,0,2,10.01,7,15.6,1,free,at_risk
usr_96ee0a27,2,1,11.5,9,26.26,1,free,at_risk
usr_fc4de27d,2,2,9.33,7,31.2,1,free,at_risk
usr_20c45a2a,2,2,7.66,9,15.76,1,free,at_risk
usr_7fe35a3e,2,2,9.25,13,34.19,1,free,at_risk
usr_343a074d,2,2,12.16,14,15.05,1,free,at_risk
usr_06e6f73d,2,2,10.31,9,25.73,0,free,at_risk
usr_70870817,0,1,8.17,14,23.07,0,free,at_risk
usr_81ce9f4f,1,2,5.31,11,32.44,1,free,at_risk
usr_97780220,1,1,14.71,14,29.22,1,free,at_risk
usr_869d7589,0,1,14.0,11,31.29,1,free,at_risk
usr_5f7cc98b,2,2,12.9,10,26.43,1,free,at_risk
usr_92d1c566,0,1,12.12,14,16.23,1,free,at_risk
usr_8bea825c,0,1,5.93,13,31.65,1,free,at_risk
usr_f766e0d0,2,2,13.15,12,34.92,0,free,at_risk
usr_d7f8d183,0,2,10.46,10,24.14,0,free,at_risk
usr_d84228b4,2,2,10.17,11,17.91,1,free,at_risk
usr_e83f661c,2,2,8.11,10,34.36,1,free,at_risk
usr_017fa9c0,2,2,12.21,10,31.4,1,free,at_risk
usr_88d11fd0,2,2,7.03,14,17.39,0,free,at_risk
usr_2ec1216a,1,1,14.0,11,27.76,1,free,at_risk
usr_a194be14,0,2,7.0,8,33.04,1,free,at_risk
usr_067e41c4,1,2,7.01,9,27.22,0,free,at_risk
usr_6df603c7,1,1,13.17,12,33.92,1,free,at_risk
usr_178bf34f,0,2,11.93,8,17.6,1,free,at_risk
usr_6fd3d213,1,1,6.36,11,23.81,1,free,at_risk
usr_a021e1fa,1,1,7.65,9,28.47,1,free,at_risk
usr_6d0fd672,0,2,9.64,7,17.46,0,free,at_risk
usr_9c24ff33,2,2,5.66,13,27.8,1,free,at_risk
usr_dabde0b9,1,2,14.31,8,15.1,1,free,at_risk
usr_89a2bb94,1,1,11.35,9,20.7,0,free,at_risk
usr_e6e4df50,2,2,6.42,13,16.45,1,free,at_risk
usr_3b316179,1,1,10.84,8,34.45,1,free,at_risk
usr_54244cee,2,1,9.12,12,27.38,1,free,at_risk
usr_451b714e,0,2,8.62,11,24.23,1,free,at_risk
usr_973e939a,2,1,14.65,7,23.25,1,free,at_risk
usr_5ae355e1,0,2,13.9,12,18.16,0,free,at_risk
usr_aa09c055,2,2,6.13,14,21.88,0,free,at_risk
usr_080f16be,1,2,11.25,8,26.22,0,free,at_risk
usr_a33cf406,2,1,6.46,13,25.2,1,free,at_risk
usr_825d2297,1,2,11.67,8,34.99,1,free,at_risk
usr_de88943f,1,2,7.99,7,33.52,1,free,at_risk
usr_5eff52e1,2,2,9.73,14,16.69,1,free,at_risk
usr_0b465b95,1,2,12.44,14,21.44,1,free,at_risk
usr_48325d5c,1,2,10.5,14,15.17,0,free,at_risk
usr_e3d5e496,1,1,5.4,7,20.04,0,free,at_risk
usr_17c8d1cf,2,1,9.21,8,34.9,1,free,at_risk
usr_74490986,0,1,13.66,14,29.32,1,free,at_risk
usr_01a06f02,0,2,14.35,7,20.64,0,free,at_risk
usr_d280adc6,1,1,11.06,8,15.63,1,free,at_risk
usr_561dc0f0,1,2,11.09,13,29.4,1,free,at_risk
usr_95d989d6,1,2,7.06,12,27.66,1,free,at_risk
usr_9e1b5cfa,0,2,10.51,13,30.34,1,free,at_risk
usr_3c3d716f,0,2,13.19,9,33.57,1,free,at_risk
usr_b3c4b807,0,1,14.13,12,20.71,1,free,at_risk
usr_5264cd8e,2,1,5.05,9,21.25,1,free,at_risk
usr_254bb1a5,0,2,11.93,13,20.71,1,free,at_risk
usr_fbdc0da8,2,1,8.87,11,24.21,1,free,at_risk
usr_00bb2557,2,1,9.16,12,21.03,0,free,at_risk
usr_6aa42133,2,2,13.92,9,19.56,1,free,at_risk
usr_b65db98d,1,1,8.13,13,18.63,1,free,at_risk
usr_f4420550,1,1,12.69,10,31.47,0,free,at_risk
usr_c81a19fe,1,1,14.12,7,20.7,1,free,at_risk
usr_ac751712,1,2,10.54,14,26.92,0,free,at_risk
usr_090ead47,2,2,10.84,10,28.27,0,free,at_risk
usr_fa52d5c2,0,1,14.25,14,29.53,1,free,at_risk
usr_a5def740,0,1,11.32,13,18.81,1,free,at_risk
usr_c193bfc7,0,1,5.66,9,21.23,0,free,at_risk
usr_f63d2e3c,0,1,5.95,8,19.4,0,free,at_risk
usr_1c02dbcb,2,2,5.2,10,34.12,1,free,at_risk
usr_ea1bc934,1,1,14.53,8,33.57,0,free,at_risk
usr_2244ba53,2,2,5.97,12,24.56,0,free,at_risk
usr_d3e2cb12,0,1,6.51,7,19.18,0,free,at_risk
usr_78f1c79d,2,1,12.13,8,20.84,1,free,at_risk
usr_eb3fed26,0,1,7.95,9,18.3,1,free,at_risk
usr_4c453390,1,2,10.11,7,16.19,1,free,at_risk
usr_b02765cc,0,1,7.86,11,31.1,1,free,at_risk
usr_5ceb35c8,0,1,13.94,8,18.19,0,free,at_risk
usr_8b20676f,0,2,9.77,11,26.62,1,free,at_risk
usr_868909a4,0,2,14.34,8,23.28,0,free,at_risk
usr_e2059c51,0,1,6.48,11,33.28,1,free,at_risk
usr_6bd910b0,1,1,8.23,7,17.42,0,free,at_risk
usr_18f79589,2,2,13.36,12,17.67,0,free,at_risk
usr_b0a3d5b2,1,2,10.68,14,27.59,1,free,at_risk
usr_1154372b,2,1,5.99,13,15.94,1,free,at_risk
usr_2c283ea8,0,2,12.58,13,24.25,1,free,at_risk
usr_7e1cdb7b,1,2,8.37,13,23.21,1,free,at_risk
usr_e9c387ab,0,2,5.67,12,24.0,1,free,at_risk
usr_68c23f65,0,2,9.46,12,16.7,0,free,at_risk
usr_105f0bda,0,2,5.56,14,22.78,1,free,at_risk
usr_31afbdc1,2,2,6.56,10,34.66,1,free,at_risk
usr_e122edd6,0,2,14.5,14,24.29,1,free,at_risk
usr_6c6fb447,0,1,6.17,14,32.48,0,free,at_risk
usr_724e49c4,1,1,8.81,10,31.0,0,free,at_risk
usr_ad85a19a,0,1,11.71,9,15.52,1,free,at_risk
usr_96b620b7,0,2,14.55,12,34.35,1,free,at_risk
usr_be667833,0,1,13.87,10,22.54,1,free,at_risk
usr_81b47ab1,1,1,8.77,14,24.46,1,free,at_risk
usr_9917750a,0,1,6.55,13,17.1,0,free,at_risk
usr_2d14dc42,1,2,10.12,11,22.3,1,free,at_risk
usr_a14472bc,0,1,12.56,14,20.01,1,free,at_risk
usr_bdfbb79c,1,1,10.55,14,25.63,1,free,at_risk
usr_8105c3bf,0,1,6.36,14,34.37,1,free,at_risk
usr_92d30722,0,2,11.53,9,24.65,1,free,at_risk
usr_94eccc25,2,2,8.9,12,33.82,1,free,at_risk
usr_be73bd8d,0,2,9.47,14,31.75,0,free,at_risk
usr_dfa884fa,0,2,14.46,8,24.01,1,free,at_risk
usr_9c14edf1,1,2,13.51,14,26.5,1,free,at_risk
usr_b0579663,1,1,5.63,7,24.16,0,free,at_risk
usr_12e61a64,2,2,14.72,8,34.13,1,free,at_risk
usr_a563eb52,0,2,10.1,7,19.93,1,free,at_risk
usr_5404447d,1,1,14.64,11,19.72,1,free,at_risk
usr_649073e6,2,2,10.91,7,31.32,0,free,at_risk
usr_106b7fd8,2,2,7.78,12,21.87,0,free,at_risk
usr_7fa5ab5e,1,2,10.92,9,20.55,1,free,at_risk
usr_bbf9284d,2,1,8.94,14,26.12,0,free,at_risk
usr_7df045c5,1,2,5.78,13,23.01,0,free,at_risk
usr_a8e9c882,0,1,6.05,7,20.01,1,free,at_risk
usr_70159ebb,2,1,14.62,11,16.77,0,free,at_risk
usr_f700b266,1,2,5.3,14,34.46,1,free,at_risk
usr_994f6133,0,1,10.1,8,26.56,0,free,at_risk
usr_ab2f34a0,1,1,5.04,12,30.24,0,free,at_risk
usr_bd0fd373,2,1,7.65,14,16.23,1,free,at_risk
usr_752b37a3,0,1,14.3,11,20.95,0,free,at_risk
usr_9c01c1cb,1,1,8.55,13,16.07,0,free,at_risk
usr_734228b0,0,1,6.85,10,15.3,1,free,at_risk
usr_3fa311a2,0,2,9.09,14,32.89,1,free,at_risk
usr_1e09ba8a,1,2,5.34,13,16.35,0,free,at_risk
usr_f47b2830,0,1,13.43,12,15.68,1,free,at_risk
usr_d7b85f4d,2,1,10.3,14,21.01,1,free,at_risk
usr_d9e325d5,1,1,10.91,8,20.27,1,free,at_risk
usr_ee857d02,2,1,6.59,9,32.71,1,free,at_risk
usr_5dcd40fd,1,2,5.26,10,30.19,1,free,at_risk
usr_b62ca772,1,2,8.76,9,25.33,0,free,at_risk
usr_cc4a9bfb,0,2,12.43,9,25.08,0,free,at_risk
usr_1e37c616,1,2,10.21,11,17.48,1,free,at_risk
usr_feeb238a,1,2,7.49,7,17.98,1,free,at_risk
usr_b4a5b35c,1,1,12.88,9,33.28,1,free,at_risk
usr_23aaa9a2,2,2,12.6,9,29.4,1,free,at_risk
usr_6c8713e6,2,2,8.29,7,15.72,0,free,at_risk
usr_34e6ed28,1,1,14.13,12,31.04,0,free,at_risk
usr_db517e13,2,1,13.77,14,34.43,0,free,at_risk
usr_e7216c5c,1,2,8.37,8,28.08,1,free,at_risk
usr_89f65a45,2,1,10.18,10,30.83,1,free,at_risk
usr_53627ab3,2,2,12.05,10,15.9,0,free,at_risk
usr_5ddc98ac,0,2,12.12,9,23.33,1,free,at_risk
usr_ec07ed9e,1,1,12.17,11,20.25,0,free,at_risk
usr_9bd35f42,0,2,11.01,12,24.35,1,free,at_risk
usr_d0f13d89,0,1,12.0,13,33.25,1,free,at_risk
usr_ad4ed7c6,2,2,7.16,14,15.27,1,free,at_risk
usr_03562c6a,1,1,8.32,10,20.16,1,free,at_risk
usr_01341284,1,1,5.28,13,20.3,0,free,at_risk
usr_914c7296,1,1,12.45,12,19.7,0,free,at_risk
usr_c75497a4,2,2,10.29,13,28.35,1,free,at_risk
usr_54a0e6b3,2,2,14.18,9,34.13,0,free,at_risk
usr_5d9e4afc,2,1,6.86,12,30.13,0,free,at_risk
usr_70277640,1,2,5.02,13,19.43,1,free,at_risk
usr_545ee000,2,1,8.91,12,15.89,1,free,at_risk
usr_acb2b370,2,2,8.08,9,16.87,1,free,at_risk
usr_265bff34,2,1,11.49,14,16.29,1,free,at_risk
usr_ebe19d83,0,1,5.57,9,28.17,1,free,at_risk
usr_780220e6,2,2,11.43,10,17.74,1,free,at_risk
usr_9df0da0a,2,1,7.44,7,18.56,1,free,at_risk
usr_4b454b2f,2,2,14.06,14,16.05,1,free,at_risk
usr_fff7429d,0,2,8.95,7,34.1,1,free,at_risk
usr_87c37ba3,2,2,8.24,11,22.57,0,free,at_risk
usr_4d7c7a34,0,1,12.18,9,20.67,0,free,at_risk
usr_25f27590,0,2,13.85,11,32.2,1,free,at_risk
usr_e711bcf3,1,1,13.48,11,28.89,1,free,at_risk
usr_3d51712b,2,2,12.34,14,20.78,1,free,at_risk
usr_c496aff6,2,2,10.81,14,27.65,1,free,at_risk
usr_f729f703,2,2,10.34,11,22.07,0,free,at_risk
usr_40bee5f0,0,1,10.16,7,17.37,1,free,at_risk
usr_a5d51a42,2,1,13.77,12,15.04,1,free,at_risk
usr_afcc9b95,0,2,5.25,14,26.99,1,free,at_risk
usr_d2a42ed1,0,1,8.45,7,24.23,1,free,at_risk
usr_ff24de1b,1,1,9.47,9,26.51,1,free,at_risk
usr_1bf6bbe4,1,1,11.21,9,33.28,0,free,at_risk
usr_9ca798ca,1,1,14.62,7,33.61,1,free,at_risk
usr_6b56a224,2,1,11.18,8,24.97,0,free,at_risk
usr_4e7ac663,1,2,13.14,11,29.77,0,free,at_risk
usr_ff896aee,1,2,12.53,7,18.24,1,free,at_risk
usr_f5331b7e,0,0,0.0,28,0.02,1,free,dormant
usr_d854403a,0,0,0.0,44,8.85,0,free,dormant
usr_1e428901,0,0,0.0,28,1.86,1,free,dormant
usr_f981299f,0,0,0.0,24,5.21,1,free,dormant
usr_5601f07f,0,0,0.0,48,5.54,1,free,dormant
usr_551cbe3f,0,0,0.0,54,8.27,1,free,dormant
usr_b23a0214,0,0,0.0,41,0.52,1,free,dormant
usr_2117a20b,0,0,0.0,30,6.93,0,free,dormant
usr_e7fd2c57,0,0,0.0,40,2.03,1,free,dormant
usr_619bbfdc,0,0,0.0,23,1.5,1,free,dormant
usr_94ee8789,0,0,0.0,58,1.47,1,free,dormant
usr_537bd9ac,0,0,0.0,45,7.61,1,free,dormant
usr_4b29aeb6,0,0,0.0,58,3.37,1,free,dormant
usr_430b5683,0,0,0.0,60,6.31,1,free,dormant
usr_4faf8c14,0,0,0.0,56,7.63,1,free,dormant
usr_9c906968,0,0,0.0,26,8.89,1,free,dormant
usr_04826714,0,0,0.0,36,9.35,1,free,dormant
usr_248cb510,0,0,0.0,28,5.83,1,free,dormant
usr_192d4157,0,0,0.0,56,3.08,1,free,dormant
usr_a44ef4e7,0,0,0.0,55,6.65,1,free,dormant
usr_1918a800,0,0,0.0,50,0.44,1,free,dormant
usr_6665bb8c,0,0,0.0,45,5.43,1,free,dormant
usr_d207df86,0,0,0.0,45,4.06,1,free,dormant
usr_b7aa2a7b,0,0,0.0,39,3.26,1,free,dormant
usr_dda3288d,0,0,0.0,58,7.65,1,free,dormant
usr_18106fd8,0,0,0.0,36,2.93,1,free,dormant
usr_39485352,0,0,0.0,59,5.67,1,free,dormant
usr_37863f54,0,0,0.0,56,7.73,1,free,dormant
usr_0c7ce05a,0,0,0.0,52,2.53,1,free,dormant
usr_cadea6b1,0,0,0.0,32,9.59,1,free,dormant
usr_e17749cc,0,0,0.0,46,0.91,1,free,dormant
usr_e7d7d1fe,0,0,0.0,59,2.98,1,free,dormant
usr_55c36f60,0,0,0.0,60,9.3,1,free,dormant
usr_76df2402,0,0,0.0,44,5.32,1,free,dormant
usr_b4af708e,0,0,0.0,22,6.54,0,free,dormant
usr_16281604,0,0,0.0,43,9.72,1,free,dormant
usr_fbf25c2a,0,0,0.0,16,3.23,1,free,dormant
usr_6081c97c,0,0,0.0,34,3.18,1,free,dormant
usr_fa191f59,0,0,0.0,54,8.0,1,free,dormant
usr_115ebcbe,0,0,0.0,26,8.22,1,free,dormant
usr_ef7ac758,0,0,0.0,29,0.11,1,free,dormant
usr_8ebe98ed,0,0,0.0,49,6.65,0,free,dormant
usr_232524fe,0,0,0.0,37,9.04,1,free,dormant
usr_928c3bb9,0,0,0.0,57,4.33,1,free,dormant
usr_3bfb4f0a,0,0,0.0,40,3.49,1,free,dormant
usr_78cda5b5,0,0,0.0,57,3.08,1,free,dormant
usr_54719982,0,0,0.0,19,4.72,1,free,dormant
usr_ac65f73e,0,0,0.0,54,9.68,1,free,dormant
usr_8d00a5be,0,0,0.0,19,5.42,1,free,dormant
usr_3f13d230,0,0,0.0,41,7.43,0,free,dormant
usr_28d54357,0,0,0.0,40,7.32,1,free,dormant
usr_305367aa,0,0,0.0,28,1.5,1,free,dormant
usr_1f00ea9f,0,0,0.0,44,3.07,1,free,dormant
usr_3ff386cb,0,0,0.0,53,4.6,1,free,dormant
usr_906ad245,0,0,0.0,17,7.04,1,free,dormant
usr_2064d710,0,0,0.0,35,7.57,1,free,dormant
usr_ecc933fa,0,0,0.0,41,6.67,0,free,dormant
usr_a0440d49,0,0,0.0,51,6.55,1,free,dormant
usr_f2c39d68,0,0,0.0,38,7.03,1,free,dormant
usr_b72ed0bc,0,0,0.0,29,8.7,1,free,dormant
usr_5e200b6a,0,0,0.0,22,8.75,1,free,dormant
usr_29b5aa0d,0,0,0.0,54,5.25,1,free,dormant
usr_1a917760,0,0,0.0,49,6.19,1,free,dormant
usr_39cc396e,0,0,0.0,53,4.56,1,free,dormant
usr_e2f7854a,0,0,0.0,45,5.69,1,free,dormant
usr_13dc46f9,0,0,0.0,60,1.31,1,free,dormant
usr_90a5887c,0,0,0.0,26,9.93,0,free,dormant
usr_3c5f20d1,0,0,0.0,50,2.47,1,free,dormant
usr_612e86b9,0,0,0.0,55,2.78,1,free,dormant
usr_450d87c0,0,0,0.0,51,2.71,1,free,dormant
usr_7a09cc91,0,0,0.0,35,1.9,1,free,dormant
usr_373a8923,0,0,0.0,51,4.85,1,free,dormant
usr_c6717be3,0,0,0.0,54,1.39,1,free,dormant
usr_521de696,0,0,0.0,28,0.76,1,free,dormant
usr_85bdec6f,0,0,0.0,49,5.59,1,free,dormant
usr_e6734593,0,0,0.0,43,4.43,1,free,dormant
usr_63de0ca4,0,0,0.0,43,3.26,1,free,dormant
usr_2e3bf396,0,0,0.0,30,2.67,1,free,dormant
usr_3f2a514a,0,0,0.0,38,4.75,1,free,dormant
usr_6e283836,0,0,0.0,37,2.6,1,free,dormant
usr_d67f345c,0,0,0.0,40,5.24,1,free,dormant
usr_80b80cf5,0,0,0.0,35,1.61,1,free,dormant
usr_75e4b81e,0,0,0.0,43,2.77,1,free,dormant
usr_a4703b5f,0,0,0.0,56,4.55,1,free,dormant
usr_e95629e2,0,0,0.0,60,6.34,1,free,dormant
usr_901bc120,0,0,0.0,26,4.57,1,free,dormant
usr_6cb50ee4,0,0,0.0,28,4.22,1,free,dormant
usr_61ed9cd7,0,0,0.0,60,4.43,1,free,dormant
usr_b327f8b3,0,0,0.0,58,4.18,0,free,dormant
usr_4244c4b9,0,0,0.0,15,8.16,1,free,dormant
usr_b2c90299,0,0,0.0,15,6.1,1,free,dormant
usr_ef5ec035,0,0,0.0,21,7.75,1,free,dormant
usr_9c10dc85,0,0,0.0,38,2.83,1,free,dormant
usr_9231eec4,0,0,0.0,43,0.57,1,free,dormant
usr_3afbb2a6,0,0,0.0,30,0.37,1,free,dormant
usr_ce1a17c7,0,0,0.0,54,8.55,1,free,dormant
usr_7a01cb77,0,0,0.0,36,2.46,1,free,dormant
usr_524463d0,0,0,0.0,50,1.71,1,free,dormant
usr_72f07fe9,0,0,0.0,21,2.94,1,free,dormant
usr_08407f37,0,0,0.0,20,2.09,1,free,dormant
usr_f6a48a5a,0,0,0.0,44,6.86,1,free,dormant
usr_b7d1c315,0,0,0.0,17,7.75,1,free,dormant
usr_e1aaa39d,0,0,0.0,30,9.38,1,free,dormant
usr_aac71247,0,0,0.0,37,2.79,1,free,dormant
usr_f1af4b11,0,0,0.0,48,8.63,1,free,dormant
usr_9c8ab772,0,0,0.0,41,4.61,1,free,dormant
usr_d5c952ed,0,0,0.0,27,0.35,1,free,dormant
usr_4c120fa8,0,0,0.0,50,9.14,1,free,dormant
usr_6e143ae1,0,0,0.0,23,6.86,1,free,dormant
usr_860538a2,0,0,0.0,47,1.83,1,free,dormant
usr_9b186d64,0,0,0.0,39,8.36,1,free,dormant
usr_95ba5cad,0,0,0.0,51,4.34,1,free,dormant
usr_670ad998,0,0,0.0,47,4.01,1,free,dormant
usr_cdaf11fe,0,0,0.0,54,2.45,1,free,dormant
usr_ae7b10a6,0,0,0.0,26,8.77,1,free,dormant
usr_5bfc082d,0,0,0.0,52,1.68,1,free,dormant
usr_842d1f09,0,0,0.0,56,5.94,1,free,dormant
usr_2f323828,0,0,0.0,40,6.61,1,free,dormant
usr_788872e2,0,0,0.0,41,4.19,1,free,dormant
usr_234d94fa,0,0,0.0,28,3.53,1,free,dormant
usr_288d5f1f,0,0,0.0,34,4.01,1,free,dormant
usr_97f8be29,0,0,0.0,43,3.63,0,free,dormant
usr_78535338,0,0,0.0,50,5.69,1,free,dormant
usr_7f903677,0,0,0.0,32,9.13,1,free,dormant
usr_0d22842e,0,0,0.0,49,4.82,1,free,dormant
usr_c8414698,0,0,0.0,17,6.12,1,free,dormant
usr_ecb7eb5c,0,0,0.0,36,8.28,1,free,dormant
usr_81a23210,0,0,0.0,58,1.35,1,free,dormant
usr_abda81a2,0,0,0.0,48,4.19,1,free,dormant
usr_e16a9a8e,0,0,0.0,30,2.69,1,free,dormant
usr_4d85b3e9,0,0,0.0,32,0.51,1,free,dormant
usr_3771f12a,0,0,0.0,35,8.84,1,free,dormant
usr_2791f0bf,0,0,0.0,34,0.3,0,free,dormant
usr_e8092ebf,0,0,0.0,19,3.91,1,free,dormant
usr_92d7527e,0,0,0.0,39,4.31,1,free,dormant
usr_bc71bc96,0,0,0.0,36,8.62,1,free,dormant
usr_5b456983,0,0,0.0,56,7.73,1,free,dormant
usr_5c9c155c,0,0,0.0,32,7.73,1,free,dormant
usr_1e49484f,0,0,0.0,38,8.97,1,free,dormant
usr_9373d655,0,0,0.0,25,0.63,1,free,dormant
usr_e9c1bfb9,0,0,0.0,45,1.1,1,free,dormant
usr_baed66cb,0,0,0.0,59,5.5,1,free,dormant
usr_68ccd1e9,0,0,0.0,46,6.27,1,free,dormant
usr_c7e3e0f0,0,0,0.0,37,8.08,1,free,dormant
usr_48ac41e9,0,0,0.0,45,9.76,1,free,dormant
usr_315bb7d1,0,0,0.0,29,2.23,0,free,dormant
usr_30d0b02d,0,0,0.0,57,9.32,1,free,dormant
usr_98452d4d,0,0,0.0,42,2.22,1,free,dormant
usr_63a10d0e,0,0,0.0,56,6.84,1,free,dormant
usr_2b54250b,0,0,0.0,25,0.82,1,free,dormant
usr_b900589c,0,0,0.0,60,7.66,1,free,dormant
usr_f3ab3342,0,0,0.0,31,8.04,1,free,dormant
usr_cf4ee24a,0,0,0.0,40,4.27,1,free,dormant
usr_5133b788,0,0,0.0,41,9.16,1,free,dormant
usr_865f9a24,0,0,0.0,31,7.16,1,free,dormant
usr_c8112807,0,0,0.0,17,7.1,1,free,dormant
usr_b2cf1a1d,0,0,0.0,33,6.77,1,free,dormant
usr_0b0460ab,0,0,0.0,42,9.25,1,free,dormant
usr_d40366fa,0,0,0.0,30,6.82,1,free,dormant
usr_f230b6c7,0,0,0.0,58,3.98,1,free,dormant
usr_2de063e3,0,0,0.0,39,0.26,1,free,dormant
usr_3d98c752,0,0,0.0,32,8.44,1,free,dormant
usr_346b7904,0,0,0.0,16,5.51,0,free,dormant
usr_673186dd,0,0,0.0,30,7.44,1,free,dormant
usr_8d95624f,0,0,0.0,44,7.92,1,free,dormant
usr_b103adcb,0,0,0.0,59,7.87,1,free,dormant
usr_3e6f1c56,0,0,0.0,48,9.99,1,free,dormant
usr_301a18c3,0,0,0.0,29,6.64,1,free,dormant
usr_870965e2,0,0,0.0,26,9.87,1,free,dormant
usr_6c69eb37,0,0,0.0,30,1.38,1,free,dormant
usr_87b52e97,0,0,0.0,31,0.51,1,free,dormant
usr_3b2bddcb,0,0,0.0,40,5.78,1,free,dormant
usr_a4a10eba,0,0,0.0,47,3.76,1,free,dormant
usr_deb0b083,0,0,0.0,18,4.35,1,free,dormant
usr_b2c0ac4a,0,0,0.0,15,6.49,1,free,dormant
usr_146624f9,0,0,0.0,24,6.94,1,free,dormant
usr_dfcce661,0,0,0.0,41,8.71,1,free,dormant
usr_e6b0eb4f,0,0,0.0,21,4.22,1,free,dormant
usr_5b048139,0,0,0.0,32,5.62,1,free,dormant
usr_f2c0c59b,0,0,0.0,25,3.01,0,free,dormant
usr_3c1f5aec,0,0,0.0,19,0.99,1,free,dormant
usr_fc033341,0,0,0.0,53,4.59,0,free,dormant
usr_b253dbee,0,0,0.0,18,1.74,1,free,dormant
usr_008a2324,0,0,0.0,39,1.8,1,free,dormant
usr_a717bc80,0,0,0.0,50,2.04,1,free,dormant
usr_8564818c,0,0,0.0,40,4.2,1,free,dormant
usr_8fb06b8d,0,0,0.0,56,2.41,1,free,dormant
usr_54a7bdc3,0,0,0.0,47,9.91,1,free,dormant
usr_1ccd61f7,0,0,0.0,33,9.87,1,free,dormant
usr_b899da48,0,0,0.0,52,9.36,1,free,dormant
usr_da6e5a04,0,0,0.0,39,1.65,1,free,dormant
usr_8ccfd5de,0,0,0.0,48,7.61,1,free,dormant
usr_c1698fe2,0,0,0.0,19,2.37,1,free,dormant
usr_c230871c,0,0,0.0,54,2.43,1,free,dormant
usr_da684175,0,0,0.0,23,1.87,1,free,dormant
usr_b0e71c2d,0,0,0.0,51,4.17,1,free,dormant
usr_4dc6a692,0,0,0.0,39,5.32,1,free,dormant
usr_87eab026,0,0,0.0,53,0.54,1,free,dormant
usr_289f49b1,0,0,0.0,26,2.56,1,free,dormant
usr_b2e6ea86,0,0,0.0,50,9.86,1,free,dormant
usr_e2a77ff9,0,0,0.0,22,4.18,1,free,dormant
usr_09bf2b40,0,0,0.0,20,5.55,1,free,dormant
usr_9cbb60b2,0,0,0.0,44,5.35,1,free,dormant
usr_043c2cc6,0,0,0.0,59,7.51,1,free,dormant
usr_4a1b7b71,0,0,0.0,42,3.45,1,free,dormant
usr_480173be,0,0,0.0,42,9.68,1,free,dormant
usr_228d597c,0,0,0.0,39,8.89,1,free,dormant
usr_b0c2571f,0,0,0.0,47,9.94,1,free,dormant
usr_1023f302,0,0,0.0,18,8.0,1,free,dormant
usr_5999a410,0,0,0.0,53,4.62,1,free,dormant
usr_f5fd5936,0,0,0.0,43,3.42,0,free,dormant
usr_7b2ab28e,0,0,0.0,50,7.49,1,free,dormant
usr_e6707410,0,0,0.0,23,7.0,1,free,dormant
usr_80d68bb9,0,0,0.0,32,4.49,0,free,dormant
usr_ef1bb5b5,0,0,0.0,55,4.65,1,free,dormant
usr_8ba67405,0,0,0.0,37,3.66,1,free,dormant
usr_02142a09,0,0,0.0,26,2.79,1,free,dormant
usr_5f3a472c,0,0,0.0,37,0.18,1,free,dormant
usr_f7907f6e,0,0,0.0,57,2.89,1,free,dormant
usr_edb53bc8,0,0,0.0,18,4.5,1,free,dormant
usr_42d35bc5,0,0,0.0,37,7.5,1,free,dormant
usr_77a24985,0,0,0.0,55,6.28,1,free,dormant
usr_9ae12135,0,0,0.0,17,0.24,1,free,dormant
usr_f092c887,0,0,0.0,48,1.93,1,free,dormant
usr_54c7b57c,0,0,0.0,36,9.8,1,free,dormant
usr_151f449b,0,0,0.0,23,5.37,1,free,dormant
usr_57f8ba02,0,0,0.0,15,5.15,1,free,dormant
usr_ca05035a,0,0,0.0,30,7.57,1,free,dormant
usr_9645348f,0,0,0.0,19,8.29,1,free,dormant
usr_7d35a9c2,0,0,0.0,30,1.46,1,free,dormant
usr_2e8720cd,0,0,0.0,38,0.75,1,free,dormant
usr_cd3dfb55,0,0,0.0,57,4.74,1,free,dormant
usr_4a21ecb1,0,0,0.0,34,9.85,1,free,dormant
usr_6c177929,0,0,0.0,20,7.24,1,free,dormant
usr_bff8f93f,0,0,0.0,19,8.09,1,free,dormant
usr_72f2a403,0,0,0.0,36,6.66,1,free,dormant
usr_92b82107,0,0,0.0,33,0.66,1,free,dormant
usr_c8fe20f6,0,0,0.0,27,9.03,1,free,dormant
usr_97795fdb,0,0,0.0,50,2.56,1,free,dormant
usr_19ea641d,0,0,0.0,38,0.04,1,free,dormant
usr_23c8dbbb,0,0,0.0,32,2.36,1,free,dormant
usr_1600149a,0,0,0.0,53,1.06,1,free,dormant
usr_928f9b87,0,0,0.0,32,2.78,0,free,dormant
usr_847ba574,0,0,0.0,32,2.54,1,free,dormant
usr_b91d3382,0,0,0.0,50,3.17,1,free,dormant
usr_0a1b41a4,0,0,0.0,23,2.66,1,free,dormant
usr_3219495f,0,0,0.0,27,3.24,1,free,dormant
usr_0b5044dd,0,0,0.0,32,5.81,1,free,dormant
usr_d1980f1f,0,0,0.0,50,4.44,1,free,dormant
usr_663f6b08,0,0,0.0,60,4.71,1,free,dormant
usr_dd8bb40a,0,0,0.0,39,2.36,1,free,dormant
usr_1c7a785b,0,0,0.0,55,3.12,1,free,dormant
usr_e7e75121,0,0,0.0,57,7.02,1,free,dormant
usr_da498dd5,0,0,0.0,29,9.47,1,free,dormant
usr_a3de944a,0,0,0.0,24,3.03,1,free,dormant
usr_0f59509f,0,0,0.0,48,5.15,1,free,dormant
usr_8e0405e0,0,0,0.0,57,7.48,1,free,dormant
usr_375ff3de,0,0,0.0,31,8.89,1,free,dormant
usr_a0bb06f1,0,0,0.0,31,3.54,1,free,dormant
usr_3bed6a0d,0,0,0.0,46,0.31,1,free,dormant
usr_9a3fb09c,0,0,0.0,57,7.31,1,free,dormant
usr_84679c16,0,0,0.0,28,3.67,1,free,dormant
usr_f0c90c47,0,0,0.0,54,0.69,1,free,dormant
usr_b51b5b36,0,0,0.0,53,3.7,1,free,dormant
usr_5cc46a7c,0,0,0.0,19,3.59,1,free,dormant
usr_4865b904,0,0,0.0,34,5.07,1,free,dormant
usr_a95f2e68,0,0,0.0,36,9.09,1,free,dormant
usr_daee6c18,0,0,0.0,34,3.76,1,free,dormant
usr_f142c107,0,0,0.0,40,8.46,1,free,dormant
usr_05b1aff5,0,0,0.0,30,6.65,1,free,dormant
usr_9e7ac75f,0,0,0.0,43,8.0,1,free,dormant
usr_a066a763,0,0,0.0,17,8.57,1,free,dormant
usr_4693644d,0,0,0.0,29,0.81,1,free,dormant
usr_f9d9bf36,0,0,0.0,56,8.8,1,free,dormant
usr_688423f3,0,0,0.0,33,3.05,1,free,dormant
usr_f7ab410f,0,0,0.0,42,4.86,1,free,dormant
usr_dffcb16c,0,0,0.0,54,5.92,1,free,dormant
usr_6c72820a,0,0,0.0,23,1.84,1,free,dormant
usr_3ce7766b,0,0,0.0,58,5.31,1,free,dormant
usr_9fdca22b,0,0,0.0,31,2.92,1,free,dormant
usr_eaa186f9,0,0,0.0,53,3.23,1,free,dormant
usr_779bf8a8,0,0,0.0,49,8.85,1,free,dormant
usr_96ce41aa,0,0,0.0,57,7.41,1,free,dormant
usr_35671f2e,0,0,0.0,46,0.37,1,free,dormant
usr_52bbae11,0,0,0.0,24,9.98,1,free,dormant
usr_1e2f1639,0,0,0.0,18,3.48,1,free,dormant
usr_ab35d755,0,0,0.0,59,2.31,1,free,dormant
usr_139e4889,0,0,0.0,15,8.84,0,free,dormant
usr_4aadb80d,0,0,0.0,16,9.39,1,free,dormant
usr_ffe3488e,0,0,0.0,40,5.87,1,free,dormant
usr_36a0c033,0,0,0.0,39,6.09,1,free,dormant
usr_700d952a,0,0,0.0,49,0.02,1,free,dormant
usr_1e61a58a,0,0,0.0,49,1.92,1,free,dormant
usr_d0ba87ac,0,0,0.0,39,4.62,1,free,dormant
usr_5265bfa7,0,0,0.0,29,6.74,1,free,dormant
usr_21e9c4db,0,0,0.0,47,4.4,1,free,dormant
usr_0d5d0cc0,0,0,0.0,29,6.92,1,free,dormant
usr_d0a880af,0,0,0.0,33,1.32,1,free,dormant
usr_7fccc7fd,0,0,0.0,50,9.43,1,free,dormant
usr_2d73d37f,0,0,0.0,50,9.78,1,free,dormant
